itm,v1,sun_belt_likely_electorate_sun_belt_likely_electorate,state_az,state_ga,state_nc,gender_men,gender_women,age_18_29,age_30_44,age_45_64,age_65,race_ethnicity_white,race_ethnicity_black,race_ethnicity_hispanic,race_ethnicity_oth,education_b_a,education_no_b_a,race_education_white_college,race_education_white_no_college,race_education_non_white_college,race_education_non_white_no_college,neighborhood_type_city,neighborhood_type_suburb,neighborhood_type_rural_small_town,x2024_vote_head_to_head_harris,x2024_vote_head_to_head_trump,x2024_vote_head_to_head_oth,party_id_dem,party_id_rep,party_id_ind,x2020_vote_biden
"Do you think the United States is on the right track, or is it headed in the wrong direction?",Right track,27%,30%,24%,28%,28%,26%,25%,25%,26%,30%,22%,42%,39%,24%,33%,24%,30%,16%,40%,36%,33%,30%,19%,54%,4%,13%,56%,3%,27%,53%
"Do you think the United States is on the right track, or is it headed in the wrong direction?",Wrong direction,63%,61%,67%,61%,64%,63%,66%,60%,67%,61%,70%,45%,50%,62%,58%,67%,61%,77%,48%,51%,57%,60%,71%,33%,91%,65%,31%,93%,62%,33%
"Do you think the United States is on the right track, or is it headed in the wrong direction?",[VOLUNTEERED] Don't know/Refused,10%,9%,9%,11%,8%,11%,8%,15%,7%,9%,8%,12%,12%,15%,10%,9%,9%,7%,12%,13%,10%,10%,9%,13%,5%,22%,14%,3%,11%,14%
"Do you think the United States is on the right track, or is it headed in the wrong direction?",Number of respondents,"2,077",713,682,682,946,"1,119",348,481,693,502,"1,264",375,222,165,936,"1,123",629,629,286,472,572,748,757,956,998,123,622,610,709,831
"Thinking ahead to the presidential general election, are you almost certain that you will vote, very likely to vote, somewhat likely to vote, not very likely to vote or not at all likely to vote?",Almost certain,66%,61%,64%,72%,65%,67%,53%,63%,69%,71%,70%,62%,51%,59%,67%,65%,71%,69%,58%,58%,64%,64%,69%,69%,66%,32%,68%,67%,65%,69%
"Thinking ahead to the presidential general election, are you almost certain that you will vote, very likely to vote, somewhat likely to vote, not very likely to vote or not at all likely to vote?",Very likely,27%,32%,28%,22%,27%,27%,32%,30%,25%,25%,25%,29%,36%,29%,27%,27%,25%,25%,31%,31%,29%,27%,25%,26%,27%,37%,29%,29%,24%,27%
"Thinking ahead to the presidential general election, are you almost certain that you will vote, very likely to vote, somewhat likely to vote, not very likely to vote or not at all likely to vote?",Somewhat likely,4%,2%,5%,4%,5%,3%,10%,5%,3%,1%,2%,7%,7%,7%,3%,4%,2%,3%,6%,7%,3%,6%,3%,3%,4%,12%,2%,2%,6%,2%
"Thinking ahead to the presidential general election, are you almost certain that you will vote, very likely to vote, somewhat likely to vote, not very likely to vote or not at all likely to vote?",Not very likely,<1%,<1%,1%,<.5%,1%,<1%,2%,<1%,<.5%,<1%,<1%,<.5%,1%,2%,<1%,<1%,<.5%,1%,<1%,<1%,<1%,1%,<1%,<.5%,<1%,5%,<.5%,<.5%,1%,<.5%
"Thinking ahead to the presidential general election, are you almost certain that you will vote, very likely to vote, somewhat likely to vote, not very likely to vote or not at all likely to vote?",Not at all likely,1%,2%,1%,1%,2%,1%,3%,2%,1%,1%,<1%,2%,3%,3%,1%,2%,<.5%,1%,2%,2%,2%,1%,1%,1%,1%,8%,<1%,<1%,2%,<1%
"Thinking ahead to the presidential general election, are you almost certain that you will vote, very likely to vote, somewhat likely to vote, not very likely to vote or not at all likely to vote?",[VOL] Already voted,0%,0%,0%,0%,0%,0%,0%,0%,0%,0%,0%,0%,0%,0%,0%,0%,0%,0%,0%,0%,0%,0%,0%,0%,0%,0%,0%,0%,0%,0%
"Thinking ahead to the presidential general election, are you almost certain that you will vote, very likely to vote, somewhat likely to vote, not very likely to vote or not at all likely to vote?",[VOL] Don't know/Refused,<1%,2%,<1%,<.5%,1%,<1%,<.5%,<.5%,2%,<1%,<1%,<1%,2%,<1%,<1%,<1%,<1%,<1%,<1%,1%,1%,<1%,1%,<.5%,1%,5%,<1%,1%,<1%,<1%
"(Combined presidential ballot, includes leaners to major-party candidates) If the 2024 presidential election were held today, who would you vote for if the candidates were:","Kamala [COMMA-luh] Harris, the Democrat",45%,45%,45%,47%,39%,51%,53%,50%,42%,42%,35%,83%,52%,45%,55%,40%,49%,25%,70%,66%,58%,51%,32%,100%,0%,0%,94%,3%,45%,92%
"(Combined presidential ballot, includes leaners to major-party candidates) If the 2024 presidential election were held today, who would you vote for if the candidates were:","Donald Trump, the Republican",49%,50%,49%,49%,55%,45%,43%,42%,54%,53%,61%,10%,40%,49%,41%,55%,48%,70%,23%,28%,37%,44%,63%,0%,100%,0%,4%,96%,48%,4%
"(Combined presidential ballot, includes leaners to major-party candidates) If the 2024 presidential election were held today, who would you vote for if the candidates were:",[VOL] Don't know/Refused,5%,5%,6%,4%,6%,5%,4%,7%,4%,5%,4%,6%,8%,6%,5%,5%,3%,5%,7%,6%,5%,5%,5%,0%,0%,100%,2%,1%,7%,4%
"(Combined presidential ballot, includes leaners to major-party candidates) If the 2024 presidential election were held today, who would you vote for if the candidates were:",MARGIN Trump +4 Calculated using candidates’ unrounded vote shares,MARGIN Trump +4 Calculated using candidates’ unrounded vote shares,MARGIN Trump +4 Calculated using candidates’ unrounded vote shares,MARGIN Trump +4 Calculated using candidates’ unrounded vote shares,MARGIN Trump +4 Calculated using candidates’ unrounded vote shares,MARGIN Trump +4 Calculated using candidates’ unrounded vote shares,MARGIN Trump +4 Calculated using candidates’ unrounded vote shares,MARGIN Trump +4 Calculated using candidates’ unrounded vote shares,MARGIN Trump +4 Calculated using candidates’ unrounded vote shares,MARGIN Trump +4 Calculated using candidates’ unrounded vote shares,MARGIN Trump +4 Calculated using candidates’ unrounded vote shares,MARGIN Trump +4 Calculated using candidates’ unrounded vote shares,MARGIN Trump +4 Calculated using candidates’ unrounded vote shares,MARGIN Trump +4 Calculated using candidates’ unrounded vote shares,MARGIN Trump +4 Calculated using candidates’ unrounded vote shares,MARGIN Trump +4 Calculated using candidates’ unrounded vote shares,MARGIN Trump +4 Calculated using candidates’ unrounded vote shares,MARGIN Trump +4 Calculated using candidates’ unrounded vote shares,MARGIN Trump +4 Calculated using candidates’ unrounded vote shares,MARGIN Trump +4 Calculated using candidates’ unrounded vote shares,MARGIN Trump +4 Calculated using candidates’ unrounded vote shares,MARGIN Trump +4 Calculated using candidates’ unrounded vote shares,MARGIN Trump +4 Calculated using candidates’ unrounded vote shares,MARGIN Trump +4 Calculated using candidates’ unrounded vote shares,MARGIN Trump +4 Calculated using candidates’ unrounded vote shares,MARGIN Trump +4 Calculated using candidates’ unrounded vote shares,MARGIN Trump +4 Calculated using candidates’ unrounded vote shares,MARGIN Trump +4 Calculated using candidates’ unrounded vote shares,MARGIN Trump +4 Calculated using candidates’ unrounded vote shares,MARGIN Trump +4 Calculated using candidates’ unrounded vote shares,MARGIN Trump +4 Calculated using candidates’ unrounded vote shares
"(Combined presidential ballot, includes leaners to third-party candidates) If the 2024 presidential election were held today, who would you vote for if the candidates were:","Kamala [COMMA-luh] Harris, the Democrat",44%,43%,44%,45%,38%,49%,51%,47%,41%,42%,34%,81%,49%,43%,53%,39%,48%,24%,67%,64%,55%,49%,31%,97%,0%,0%,93%,3%,42%,90%
"(Combined presidential ballot, includes leaners to third-party candidates) If the 2024 presidential election were held today, who would you vote for if the candidates were:","Donald Trump, the Republican",48%,48%,47%,47%,53%,43%,41%,39%,52%,52%,60%,10%,37%,46%,38%,54%,46%,69%,20%,27%,36%,42%,62%,0%,96%,0%,3%,95%,44%,4%
"(Combined presidential ballot, includes leaners to third-party candidates) If the 2024 presidential election were held today, who would you vote for if the candidates were:","[VOL] Robert F. Kennedy Jr., the third-party candidate",<.5%,<1%,0%,0%,<.5%,<.5%,0%,<1%,<.5%,0%,<.5%,0%,2%,0%,0%,<.5%,0%,<.5%,0%,<1%,<1%,0%,<.5%,<.5%,0%,<1%,0%,0%,<1%,0%
"(Combined presidential ballot, includes leaners to third-party candidates) If the 2024 presidential election were held today, who would you vote for if the candidates were:","Jill Stein [stine], the Green Party candidate",1%,2%,1%,<1%,1%,<1%,2%,3%,<1%,<.5%,1%,<1%,<1%,3%,2%,<1%,2%,1%,2%,<1%,2%,2%,<1%,1%,<1%,10%,<1%,<1%,2%,2%
"(Combined presidential ballot, includes leaners to third-party candidates) If the 2024 presidential election were held today, who would you vote for if the candidates were:","[VOL] Cornel West, the third-party candidate",<.5%,0%,<.5%,0%,<.5%,0%,0%,<.5%,<.5%,0%,<.5%,<.5%,0%,0%,<.5%,<.5%,0%,<.5%,<1%,0%,0%,<.5%,0%,<.5%,<.5%,0%,0%,0%,<.5%,<.5%
"(Combined presidential ballot, includes leaners to third-party candidates) If the 2024 presidential election were held today, who would you vote for if the candidates were:","Chase Oliver, the Libertarian Party candidate",2%,2%,2%,1%,2%,1%,2%,3%,2%,<1%,1%,<1%,3%,4%,2%,1%,2%,<1%,3%,2%,2%,3%,<1%,<1%,2%,11%,<.5%,<1%,3%,1%
"(Combined presidential ballot, includes leaners to third-party candidates) If the 2024 presidential election were held today, who would you vote for if the candidates were:",[VOL] Another candidate (specify),<.5%,0%,0%,<.5%,0%,<.5%,0%,0%,0%,<.5%,<.5%,0%,0%,0%,0%,<.5%,0%,<.5%,0%,0%,0%,0%,<.5%,0%,0%,<1%,0%,0%,<.5%,0%
"(Combined presidential ballot, includes leaners to third-party candidates) If the 2024 presidential election were held today, who would you vote for if the candidates were:",[VOL] Not going to vote/wouldn't vote if those were the choices,<1%,<1%,1%,<1%,1%,<1%,<1%,1%,1%,<1%,<1%,1%,3%,2%,<1%,1%,<1%,<1%,1%,2%,1%,1%,<1%,<.5%,<.5%,14%,<1%,0%,2%,<.5%
"(Combined presidential ballot, includes leaners to third-party candidates) If the 2024 presidential election were held today, who would you vote for if the candidates were:",[VOL] Don't know/Refused,4%,3%,5%,5%,4%,4%,3%,5%,3%,4%,3%,6%,6%,2%,4%,4%,2%,4%,6%,4%,4%,4%,5%,<1%,<1%,64%,2%,1%,5%,3%
"(Combined presidential ballot, includes leaners to third-party candidates) If the 2024 presidential election were held today, who would you vote for if the candidates were:",MARGIN Trump +3 Calculated using candidates’ unrounded vote shares,MARGIN Trump +3 Calculated using candidates’ unrounded vote shares,MARGIN Trump +3 Calculated using candidates’ unrounded vote shares,MARGIN Trump +3 Calculated using candidates’ unrounded vote shares,MARGIN Trump +3 Calculated using candidates’ unrounded vote shares,MARGIN Trump +3 Calculated using candidates’ unrounded vote shares,MARGIN Trump +3 Calculated using candidates’ unrounded vote shares,MARGIN Trump +3 Calculated using candidates’ unrounded vote shares,MARGIN Trump +3 Calculated using candidates’ unrounded vote shares,MARGIN Trump +3 Calculated using candidates’ unrounded vote shares,MARGIN Trump +3 Calculated using candidates’ unrounded vote shares,MARGIN Trump +3 Calculated using candidates’ unrounded vote shares,MARGIN Trump +3 Calculated using candidates’ unrounded vote shares,MARGIN Trump +3 Calculated using candidates’ unrounded vote shares,MARGIN Trump +3 Calculated using candidates’ unrounded vote shares,MARGIN Trump +3 Calculated using candidates’ unrounded vote shares,MARGIN Trump +3 Calculated using candidates’ unrounded vote shares,MARGIN Trump +3 Calculated using candidates’ unrounded vote shares,MARGIN Trump +3 Calculated using candidates’ unrounded vote shares,MARGIN Trump +3 Calculated using candidates’ unrounded vote shares,MARGIN Trump +3 Calculated using candidates’ unrounded vote shares,MARGIN Trump +3 Calculated using candidates’ unrounded vote shares,MARGIN Trump +3 Calculated using candidates’ unrounded vote shares,MARGIN Trump +3 Calculated using candidates’ unrounded vote shares,MARGIN Trump +3 Calculated using candidates’ unrounded vote shares,MARGIN Trump +3 Calculated using candidates’ unrounded vote shares,MARGIN Trump +3 Calculated using candidates’ unrounded vote shares,MARGIN Trump +3 Calculated using candidates’ unrounded vote shares,MARGIN Trump +3 Calculated using candidates’ unrounded vote shares,MARGIN Trump +3 Calculated using candidates’ unrounded vote shares,MARGIN Trump +3 Calculated using candidates’ unrounded vote shares
"(If candidate selected, including third-party candidates)  Are you definitely or probably going to vote for [CANDIDATE SELECTED]?",Definitely,87%,87%,86%,87%,84%,89%,73%,83%,89%,95%,90%,85%,76%,81%,86%,87%,87%,92%,84%,81%,87%,85%,88%,87%,87%,34%,93%,93%,77%,89%
"(If candidate selected, including third-party candidates)  Are you definitely or probably going to vote for [CANDIDATE SELECTED]?",Probably,11%,9%,12%,11%,13%,9%,24%,15%,9%,3%,9%,13%,20%,12%,12%,10%,11%,7%,14%,15%,10%,12%,10%,10%,10%,60%,6%,5%,20%,10%
"(If candidate selected, including third-party candidates)  Are you definitely or probably going to vote for [CANDIDATE SELECTED]?",[VOL] Don't know/Refused,3%,4%,2%,2%,3%,2%,3%,2%,2%,2%,2%,2%,4%,7%,2%,3%,2%,1%,2%,5%,2%,3%,2%,2%,3%,6%,2%,2%,3%,1%
"(If candidate selected, including third-party candidates)  Are you definitely or probably going to vote for [CANDIDATE SELECTED]?",Number of respondents,"1,957",676,643,638,890,"1,055",331,447,649,478,"1,215",344,197,156,889,"1,054",608,601,262,433,533,706,718,944,983,30,603,602,647,807
"(Leaners, if not supporting Trump or Harris in previous multi-candidate questions) If you had to decide between the two today, would you lean more toward:","Kamala [COMMA-luh] Harris, the Democrat",16%,20%,13%,17%,11%,22%,15%,22%,17%,8%,12%,26%,22%,19%,19%,15%,15%,10%,25%,23%,26%,15%,10%,100%,0%,0%,27%,1%,23%,30%
"(Leaners, if not supporting Trump or Harris in previous multi-candidate questions) If you had to decide between the two today, would you lean more toward:","Donald Trump, the Republican",21%,20%,18%,27%,26%,16%,29%,21%,26%,9%,25%,5%,21%,25%,29%,16%,36%,18%,18%,12%,16%,26%,19%,0%,100%,0%,5%,44%,26%,10%
"(Leaners, if not supporting Trump or Harris in previous multi-candidate questions) If you had to decide between the two today, would you lean more toward:",[VOL] Don't know/Refused,63%,60%,70%,57%,62%,62%,55%,57%,57%,83%,63%,69%,57%,56%,52%,69%,48%,72%,57%,65%,58%,59%,72%,0%,0%,100%,67%,55%,51%,59%
"(Leaners, if not supporting Trump or Harris in previous multi-candidate questions) If you had to decide between the two today, would you lean more toward:",Number of respondents,207,76,69,62,105,101,38,68,71,28,96,44,36,22,91,111,47,48,40,60,63,82,62,39,45,123,27,18,117,54
"(Ask only in AZ)  If this year’s general election for U.S. Senate were held today, which candidate would you be more likely to vote for?","Ruben Gallego [gah-YEH-go], the Democrat",49%,49%,-,-,45%,52%,61%,57%,43%,45%,46%,79%,53%,54%,58%,44%,57%,38%,64%,55%,55%,51%,35%,94%,10%,33%,95%,9%,50%,95%
"(Ask only in AZ)  If this year’s general election for U.S. Senate were held today, which candidate would you be more likely to vote for?","Kari [care-ee] Lake, the Republican",43%,43%,-,-,47%,41%,31%,35%,50%,48%,48%,15%,32%,40%,35%,48%,37%,56%,27%,33%,37%,43%,55%,3%,83%,19%,1%,84%,40%,2%
"(Ask only in AZ)  If this year’s general election for U.S. Senate were held today, which candidate would you be more likely to vote for?",[VOL] Don't know/Refused,8%,8%,-,-,8%,7%,9%,8%,7%,7%,6%,6%,15%,6%,7%,8%,6%,5%,9%,12%,8%,6%,10%,3%,8%,47%,3%,7%,10%,2%
"(Ask only in AZ)  If this year’s general election for U.S. Senate were held today, which candidate would you be more likely to vote for?",MARGIN Gallego +6 Calculated using candidates’ unrounded vote shares,MARGIN Gallego +6 Calculated using candidates’ unrounded vote shares,MARGIN Gallego +6 Calculated using candidates’ unrounded vote shares,MARGIN Gallego +6 Calculated using candidates’ unrounded vote shares,MARGIN Gallego +6 Calculated using candidates’ unrounded vote shares,MARGIN Gallego +6 Calculated using candidates’ unrounded vote shares,MARGIN Gallego +6 Calculated using candidates’ unrounded vote shares,MARGIN Gallego +6 Calculated using candidates’ unrounded vote shares,MARGIN Gallego +6 Calculated using candidates’ unrounded vote shares,MARGIN Gallego +6 Calculated using candidates’ unrounded vote shares,MARGIN Gallego +6 Calculated using candidates’ unrounded vote shares,MARGIN Gallego +6 Calculated using candidates’ unrounded vote shares,MARGIN Gallego +6 Calculated using candidates’ unrounded vote shares,MARGIN Gallego +6 Calculated using candidates’ unrounded vote shares,MARGIN Gallego +6 Calculated using candidates’ unrounded vote shares,MARGIN Gallego +6 Calculated using candidates’ unrounded vote shares,MARGIN Gallego +6 Calculated using candidates’ unrounded vote shares,MARGIN Gallego +6 Calculated using candidates’ unrounded vote shares,MARGIN Gallego +6 Calculated using candidates’ unrounded vote shares,MARGIN Gallego +6 Calculated using candidates’ unrounded vote shares,MARGIN Gallego +6 Calculated using candidates’ unrounded vote shares,MARGIN Gallego +6 Calculated using candidates’ unrounded vote shares,MARGIN Gallego +6 Calculated using candidates’ unrounded vote shares,MARGIN Gallego +6 Calculated using candidates’ unrounded vote shares,MARGIN Gallego +6 Calculated using candidates’ unrounded vote shares,MARGIN Gallego +6 Calculated using candidates’ unrounded vote shares,MARGIN Gallego +6 Calculated using candidates’ unrounded vote shares,MARGIN Gallego +6 Calculated using candidates’ unrounded vote shares,MARGIN Gallego +6 Calculated using candidates’ unrounded vote shares,MARGIN Gallego +6 Calculated using candidates’ unrounded vote shares,MARGIN Gallego +6 Calculated using candidates’ unrounded vote shares
(Responses reclassified by age group) In what year were you born?,18-29,14%,13%,15%,16%,14%,14%,100%,0%,0%,0%,12%,16%,23%,25%,11%,16%,10%,13%,15%,22%,17%,15%,12%,17%,12%,12%,13%,10%,19%,11%
(Responses reclassified by age group) In what year were you born?,30-44,21%,21%,23%,20%,21%,21%,0%,100%,0%,0%,20%,20%,27%,27%,26%,18%,24%,18%,34%,18%,25%,23%,17%,23%,18%,31%,21%,15%,25%,25%
(Responses reclassified by age group) In what year were you born?,45-64,33%,31%,35%,32%,33%,33%,0%,0%,100%,0%,32%,35%,31%,33%,35%,32%,34%,32%,37%,32%,30%,34%,35%,30%,36%,28%,31%,37%,33%,33%
(Responses reclassified by age group) In what year were you born?,65+,29%,33%,25%,30%,30%,29%,0%,0%,0%,100%,34%,26%,16%,13%,25%,32%,31%,36%,12%,25%,26%,26%,34%,27%,31%,28%,32%,36%,20%,28%
(Responses reclassified by age group) In what year were you born?,Refused,2%,3%,3%,2%,2%,3%,0%,0%,0%,0%,2%,2%,3%,2%,2%,2%,2%,2%,3%,2%,2%,2%,3%,3%,3%,<1%,3%,2%,2%,3%
(Responses reclassified by age group) In what year were you born?,Number of respondents,"2,077",713,682,682,946,"1,119",348,481,693,502,"1,264",375,222,165,936,"1,123",629,629,286,472,572,748,757,956,998,123,622,610,709,831
What is the highest educational level that you have completed?,Grade school,2%,2%,2%,3%,2%,3%,<1%,2%,2%,4%,2%,4%,6%,<1%,0%,4%,0%,3%,0%,6%,3%,2%,3%,2%,2%,4%,3%,2%,1%,2%
What is the highest educational level that you have completed?,High school,25%,23%,28%,25%,27%,24%,38%,19%,24%,27%,24%,31%,31%,21%,0%,42%,0%,41%,0%,44%,24%,23%,28%,21%,28%,34%,21%,29%,23%,20%
What is the highest educational level that you have completed?,Vocational or trade school,5%,5%,5%,4%,6%,4%,4%,4%,5%,6%,6%,4%,3%,4%,0%,8%,0%,9%,0%,6%,3%,4%,7%,4%,6%,3%,3%,7%,4%,3%
What is the highest educational level that you have completed?,"Some college, no degree",17%,19%,16%,16%,16%,18%,18%,12%,18%,20%,17%,18%,17%,21%,0%,29%,0%,29%,0%,28%,15%,18%,19%,16%,19%,11%,17%,20%,16%,15%
What is the highest educational level that you have completed?,Associate’s degree,11%,11%,9%,12%,9%,12%,9%,14%,11%,9%,11%,8%,12%,15%,0%,18%,0%,18%,0%,16%,10%,10%,12%,10%,12%,10%,10%,11%,13%,10%
What is the highest educational level that you have completed?,Bachelor's degree,24%,24%,22%,25%,24%,24%,26%,29%,24%,20%,26%,18%,22%,23%,61%,0%,62%,0%,59%,0%,28%,26%,18%,26%,21%,24%,26%,20%,27%,28%
What is the highest educational level that you have completed?,Graduate or professional degree,15%,15%,17%,14%,14%,16%,5%,19%,17%,14%,16%,16%,10%,15%,39%,0%,38%,0%,41%,0%,17%,17%,12%,20%,11%,10%,21%,10%,16%,22%
What is the highest educational level that you have completed?,[VOL] Refused,<1%,<1%,<1%,<1%,1%,<.5%,0%,<.5%,<.5%,<1%,<.5%,0%,<1%,<1%,0%,0%,0%,0%,0%,0%,<1%,<.5%,2%,<.5%,<1%,3%,<1%,<1%,<.5%,<.5%
Would you consider yourself:,White,62%,64%,56%,67%,64%,61%,51%,60%,61%,72%,99%,0%,0%,0%,67%,60%,99%,99%,0%,0%,56%,59%,70%,48%,78%,47%,41%,82%,64%,48%
Would you consider yourself:,Hispanic or Latino,9%,18%,5%,5%,8%,10%,15%,12%,9%,5%,0%,0%,99%,0%,8%,11%,0%,0%,26%,28%,16%,8%,6%,11%,8%,15%,12%,7%,9%,10%
Would you consider yourself:,Black or African American,18%,5%,30%,19%,16%,19%,20%,17%,19%,16%,0%,100%,0%,0%,16%,20%,0%,0%,52%,52%,20%,21%,14%,33%,4%,21%,40%,2%,14%,33%
Would you consider yourself:,Asian,2%,2%,2%,1%,3%,1%,4%,3%,2%,<1%,0%,0%,0%,28%,2%,2%,0%,0%,7%,5%,2%,3%,<1%,2%,2%,<1%,2%,2%,2%,2%
Would you consider yourself:,American Indian or Alaska Native,1%,2%,<1%,<1%,2%,<1%,2%,2%,1%,<1%,0%,0%,0%,20%,<1%,2%,0%,0%,2%,5%,1%,1%,2%,1%,1%,1%,1%,<1%,3%,1%
Would you consider yourself:,Middle Eastern or North African,<1%,<1%,<1%,<.5%,<1%,<1%,1%,<1%,<1%,<.5%,0%,0%,0%,10%,1%,<1%,0%,0%,3%,1%,<1%,1%,<.5%,<.5%,<1%,2%,0%,<1%,1%,<1%
Would you consider yourself:,Native Hawaiian or Pacific Islander,<.5%,<.5%,<.5%,<1%,<1%,<.5%,<1%,<1%,<.5%,<.5%,0%,0%,0%,6%,<.5%,<1%,0%,0%,<1%,2%,<.5%,<1%,<.5%,<.5%,<.5%,0%,<.5%,<.5%,<.5%,<.5%
Would you consider yourself:,[VOL] Some other race (specify),2%,4%,2%,2%,2%,3%,3%,2%,3%,2%,1%,<.5%,1%,18%,2%,2%,1%,1%,5%,4%,2%,3%,3%,2%,2%,6%,2%,2%,3%,2%
Would you consider yourself:,[VOL] More than one race,1%,1%,<1%,1%,1%,1%,2%,2%,1%,<.5%,0%,0%,0%,18%,1%,1%,0%,0%,4%,3%,2%,<1%,1%,<1%,2%,2%,<1%,<1%,1%,<1%
Would you consider yourself:,[VOL] Refused,2%,2%,2%,2%,2%,2%,1%,1%,3%,1%,0%,0%,0%,0%,2%,2%,0%,0%,0%,0%,2%,2%,3%,<1%,3%,6%,<1%,2%,3%,<1%
Would you consider yourself:,Number of respondents,"2,077",713,682,682,946,"1,119",348,481,693,502,"1,264",375,222,165,936,"1,123",629,629,286,472,572,748,757,956,998,123,622,610,709,831
"Do you consider yourself a Democrat, a Republican, an independent or a member of another party?",Democrat,31%,29%,33%,31%,23%,37%,27%,34%,28%,34%,20%,70%,42%,21%,36%,28%,31%,13%,49%,54%,43%,32%,21%,64%,2%,14%,100%,0%,0%,64%
"Do you consider yourself a Democrat, a Republican, an independent or a member of another party?",Republican,33%,34%,35%,30%,34%,32%,24%,22%,36%,42%,42%,4%,26%,29%,26%,37%,31%,50%,15%,15%,23%,29%,44%,2%,64%,10%,0%,100%,0%,3%
"Do you consider yourself a Democrat, a Republican, an independent or a member of another party?",Independent,31%,32%,25%,35%,36%,27%,41%,36%,32%,22%,32%,22%,26%,42%,34%,29%,36%,30%,30%,26%,29%,33%,30%,29%,31%,45%,0%,0%,100%,29%
"Do you consider yourself a Democrat, a Republican, an independent or a member of another party?",Another party,3%,3%,4%,2%,4%,2%,5%,7%,2%,2%,4%,<1%,2%,5%,2%,4%,2%,5%,2%,2%,3%,4%,2%,3%,2%,19%,0%,0%,0%,2%
"Do you consider yourself a Democrat, a Republican, an independent or a member of another party?",[VOL] Don't know/Refused,2%,2%,2%,2%,2%,2%,3%,3%,2%,1%,2%,3%,3%,2%,2%,2%,<1%,2%,5%,2%,2%,1%,3%,2%,2%,12%,0%,0%,0%,2%
"Do you consider yourself a Democrat, a Republican, an independent or a member of another party?",Number of respondents,"1,788",610,582,596,820,956,277,414,612,442,"1,140",306,173,139,827,949,581,553,234,381,503,640,645,826,872,90,543,538,611,738
"(If independent, another party or not sure)  And as of today, do you lean more to:",The Democratic Party,38%,43%,36%,36%,34%,43%,47%,38%,35%,37%,36%,49%,37%,48%,43%,35%,41%,32%,48%,44%,46%,43%,28%,84%,3%,12%,-,-,41%,76%
"(If independent, another party or not sure)  And as of today, do you lean more to:",The Republican Party,43%,42%,40%,47%,47%,40%,41%,39%,48%,45%,50%,20%,32%,35%,42%,45%,49%,52%,25%,30%,38%,39%,52%,5%,86%,9%,-,-,46%,8%
"(If independent, another party or not sure)  And as of today, do you lean more to:",[VOL] Don't know/Refused,18%,14%,24%,17%,19%,17%,11%,23%,17%,18%,14%,32%,31%,17%,16%,20%,10%,16%,28%,26%,15%,18%,20%,11%,11%,79%,-,-,13%,16%
"(If independent, another party or not sure)  And as of today, do you lean more to:",Number of respondents,707,248,222,237,379,323,143,197,236,115,453,94,68,73,337,367,238,214,90,144,197,258,252,295,342,70,,,611,241
Combined: Party identification and leaners,The Democratic Party,45%,45%,44%,45%,37%,51%,50%,50%,41%,43%,34%,82%,54%,45%,52%,40%,47%,25%,66%,68%,59%,49%,31%,92%,3%,24%,100%,0%,41%,89%
Combined: Party identification and leaners,The Republican Party,49%,49%,48%,49%,54%,44%,44%,39%,53%,53%,61%,9%,36%,47%,42%,53%,50%,69%,24%,24%,36%,44%,62%,4%,93%,17%,0%,100%,46%,6%
Combined: Party identification and leaners,[VOL] Don't know/Refused,7%,5%,8%,7%,8%,5%,6%,10%,6%,5%,5%,8%,10%,8%,6%,7%,4%,6%,10%,8%,5%,7%,7%,4%,4%,59%,0%,0%,13%,5%
Combined: Party identification and leaners,Number of respondents,"1,788",610,582,596,820,956,277,414,612,442,"1,140",306,173,139,827,949,581,553,234,381,503,640,645,826,872,90,543,538,611,738
"Who did you vote for in the 2020 presidential election between Donald Trump and Joe Biden, or did you not vote?",Donald Trump,42%,44%,40%,43%,45%,40%,25%,31%,48%,51%,55%,5%,23%,40%,37%,45%,45%,61%,17%,17%,31%,37%,55%,2%,82%,11%,2%,87%,39%,0%
"Who did you vote for in the 2020 presidential election between Donald Trump and Joe Biden, or did you not vote?",Joe Biden,44%,41%,46%,45%,37%,49%,33%,52%,44%,42%,33%,83%,52%,39%,54%,37%,47%,22%,71%,63%,54%,49%,31%,88%,4%,35%,91%,4%,40%,100%
"Who did you vote for in the 2020 presidential election between Donald Trump and Joe Biden, or did you not vote?",I did not vote,11%,11%,12%,10%,14%,8%,38%,12%,7%,3%,9%,10%,22%,16%,6%,14%,5%,12%,7%,18%,11%,12%,10%,9%,11%,25%,7%,8%,16%,0%
"Who did you vote for in the 2020 presidential election between Donald Trump and Joe Biden, or did you not vote?",[VOL] Someone else,1%,2%,1%,<1%,2%,1%,2%,3%,<1%,<1%,1%,<1%,2%,4%,2%,1%,2%,<1%,2%,1%,2%,2%,<1%,<1%,1%,9%,0%,<1%,3%,0%
"Who did you vote for in the 2020 presidential election between Donald Trump and Joe Biden, or did you not vote?",[VOL] Don't know/Refused,2%,2%,2%,2%,2%,2%,2%,2%,<1%,3%,2%,1%,2%,2%,2%,2%,<1%,3%,3%,1%,2%,1%,2%,<1%,1%,20%,<.5%,1%,2%,0%
"Who did you vote for in the 2020 presidential election between Donald Trump and Joe Biden, or did you not vote?",Number of respondents,"1,788",610,582,596,820,956,277,414,612,442,"1,140",306,173,139,827,949,581,553,234,381,503,640,645,826,872,90,543,538,611,738
"(Excluding ""I did not vote"") Who did you vote for in the 2020 presidential election between Donald Trump and Joe Biden, or did you not vote?",Donald Trump,47%,49%,45%,47%,53%,43%,40%,35%,52%,52%,60%,6%,29%,47%,39%,53%,48%,70%,18%,20%,35%,41%,62%,2%,93%,15%,2%,94%,46%,0%
"(Excluding ""I did not vote"") Who did you vote for in the 2020 presidential election between Donald Trump and Joe Biden, or did you not vote?",Joe Biden,49%,46%,52%,50%,43%,53%,53%,59%,47%,43%,36%,92%,66%,46%,57%,43%,49%,26%,76%,77%,60%,55%,35%,96%,4%,46%,98%,4%,48%,100%
"(Excluding ""I did not vote"") Who did you vote for in the 2020 presidential election between Donald Trump and Joe Biden, or did you not vote?",[VOL] Someone else,2%,3%,1%,1%,2%,1%,4%,4%,<1%,<1%,2%,<1%,2%,4%,2%,1%,2%,1%,2%,2%,2%,2%,<1%,<1%,1%,12%,0%,<1%,4%,0%
"(Excluding ""I did not vote"") Who did you vote for in the 2020 presidential election between Donald Trump and Joe Biden, or did you not vote?",[VOL] Don't know/Refused,2%,2%,2%,2%,2%,2%,3%,2%,<1%,4%,2%,2%,3%,3%,2%,2%,<1%,3%,4%,1%,2%,1%,3%,<1%,1%,27%,<.5%,2%,2%,0%
"(Excluding ""I did not vote"") Who did you vote for in the 2020 presidential election between Donald Trump and Joe Biden, or did you not vote?",Number of respondents,"1,505",496,475,534,658,838,153,343,546,422,"1,004",249,116,111,749,747,536,462,203,272,419,532,554,716,739,50,486,486,474,738
Do you approve or disapprove of the way Joe Biden is handling his job as president?,Strongly approve,20%,21%,20%,20%,17%,22%,6%,15%,21%,30%,15%,41%,20%,12%,22%,19%,20%,12%,26%,32%,25%,22%,15%,43%,<1%,2%,51%,1%,12%,44%
Do you approve or disapprove of the way Joe Biden is handling his job as president?,Somewhat approve,19%,17%,16%,23%,17%,20%,23%,26%,17%,13%,15%,33%,25%,12%,25%,14%,23%,9%,31%,24%,26%,19%,13%,37%,1%,24%,34%,2%,22%,36%
Do you approve or disapprove of the way Joe Biden is handling his job as president?,Somewhat disapprove,11%,11%,12%,9%,10%,11%,30%,13%,9%,3%,8%,11%,17%,25%,10%,11%,9%,8%,14%,16%,11%,12%,9%,12%,8%,23%,9%,7%,16%,10%
Do you approve or disapprove of the way Joe Biden is handling his job as president?,Strongly disapprove,48%,49%,47%,46%,53%,43%,39%,41%,52%,52%,59%,11%,35%,46%,40%,52%,47%,68%,24%,25%,36%,43%,61%,5%,89%,33%,4%,89%,47%,7%
Do you approve or disapprove of the way Joe Biden is handling his job as president?,[VOL] Don't know/Refused,3%,3%,4%,2%,2%,3%,3%,5%,2%,3%,2%,5%,3%,5%,3%,3%,1%,2%,5%,4%,2%,4%,2%,3%,1%,17%,3%,<1%,3%,3%
Do you approve or disapprove of the way Joe Biden is handling his job as president?,NET Approve,39%,37%,36%,43%,35%,42%,28%,42%,38%,42%,30%,74%,45%,24%,47%,34%,43%,21%,57%,55%,51%,41%,28%,80%,2%,26%,85%,3%,33%,81%
Do you approve or disapprove of the way Joe Biden is handling his job as president?,NET Disapprove,58%,60%,60%,55%,63%,54%,69%,53%,60%,55%,68%,21%,52%,71%,50%,63%,56%,76%,38%,41%,47%,55%,70%,17%,97%,56%,13%,96%,64%,17%
Do you approve or disapprove of the way Joe Biden is handling his job as president?,Number of respondents,"1,788",610,582,596,820,956,277,414,612,442,"1,140",306,173,139,827,949,581,553,234,381,503,640,645,826,872,90,543,538,611,738
Donald Trump,Very favorable,30%,32%,28%,30%,30%,30%,18%,21%,31%,40%,39%,4%,23%,20%,21%,35%,26%,48%,11%,13%,20%,25%,41%,<1%,60%,0%,2%,67%,22%,1%
Donald Trump,Somewhat favorable,17%,16%,19%,17%,22%,13%,29%,19%,18%,11%,19%,7%,21%,26%,15%,19%,16%,20%,13%,15%,15%,16%,20%,2%,32%,13%,2%,26%,22%,4%
Donald Trump,Somewhat unfavorable,7%,7%,7%,7%,8%,7%,11%,8%,9%,4%,6%,11%,7%,12%,9%,6%,8%,4%,10%,10%,9%,9%,4%,7%,5%,30%,5%,3%,12%,6%
Donald Trump,Very unfavorable,43%,43%,44%,43%,36%,49%,43%,48%,40%,43%,36%,72%,44%,40%,53%,37%,49%,26%,63%,56%,54%,47%,32%,89%,2%,28%,88%,3%,41%,86%
Donald Trump,[VOL] Have not heard of,<.5%,<.5%,0%,0%,<.5%,0%,0%,0%,0%,<.5%,0%,0%,0%,1%,0%,<.5%,0%,0%,0%,<.5%,<.5%,0%,0%,0%,0%,2%,0%,0%,<.5%,0%
Donald Trump,[VOL] Don't know/Refused,2%,2%,3%,3%,3%,2%,<.5%,4%,3%,1%,<1%,6%,5%,<1%,1%,3%,<.5%,1%,4%,5%,2%,3%,2%,1%,<1%,26%,2%,<1%,3%,3%
Donald Trump,NET Favorable,47%,48%,46%,47%,52%,43%,46%,40%,48%,51%,58%,11%,44%,46%,37%,54%,42%,69%,23%,29%,35%,41%,62%,2%,92%,13%,4%,93%,44%,5%
Donald Trump,NET Unfavorable,50%,50%,51%,50%,45%,55%,54%,56%,49%,47%,41%,84%,51%,52%,62%,43%,58%,30%,73%,66%,62%,57%,36%,96%,7%,59%,94%,7%,53%,92%
Donald Trump,Number of respondents,"1,788",610,582,596,820,956,277,414,612,442,"1,140",306,173,139,827,949,581,553,234,381,503,640,645,826,872,90,543,538,611,738
Kamala [COMMA-luh] Harris,Very favorable,30%,29%,30%,30%,23%,36%,19%,28%,29%,37%,22%,60%,34%,22%,34%,27%,31%,16%,43%,47%,37%,35%,20%,65%,<1%,2%,75%,2%,17%,63%
Kamala [COMMA-luh] Harris,Somewhat favorable,16%,16%,16%,17%,15%,17%,34%,20%,15%,7%,13%,24%,24%,19%,19%,14%,17%,10%,25%,22%,19%,17%,13%,30%,3%,17%,20%,2%,27%,27%
Kamala [COMMA-luh] Harris,Somewhat unfavorable,10%,9%,10%,10%,12%,7%,16%,14%,9%,4%,10%,6%,11%,14%,11%,9%,11%,10%,10%,8%,9%,9%,11%,4%,13%,33%,2%,10%,15%,5%
Kamala [COMMA-luh] Harris,Very unfavorable,42%,43%,40%,41%,46%,38%,30%,33%,44%,51%,53%,5%,27%,42%,34%,46%,41%,62%,18%,18%,32%,36%,54%,<1%,82%,17%,2%,85%,37%,3%
Kamala [COMMA-luh] Harris,[VOL] Have not heard of,<.5%,<.5%,<.5%,<.5%,<.5%,<.5%,<1%,<1%,0%,0%,<.5%,<.5%,1%,0%,<.5%,<.5%,0%,<.5%,<1%,<1%,<.5%,0%,<.5%,0%,<.5%,3%,<.5%,0%,0%,0%
Kamala [COMMA-luh] Harris,[VOL] Don't know/Refused,3%,2%,4%,2%,4%,2%,<.5%,5%,3%,2%,2%,5%,2%,2%,1%,3%,<.5%,2%,3%,4%,3%,3%,2%,<1%,1%,29%,<1%,1%,4%,2%
Kamala [COMMA-luh] Harris,NET Favorable,46%,45%,46%,47%,38%,53%,53%,48%,44%,44%,35%,83%,59%,42%,54%,41%,48%,26%,68%,69%,56%,52%,33%,95%,4%,19%,95%,4%,44%,90%
Kamala [COMMA-luh] Harris,NET Unfavorable,51%,52%,50%,51%,58%,46%,46%,47%,54%,54%,63%,11%,37%,56%,45%,55%,51%,72%,29%,26%,41%,45%,64%,5%,94%,50%,4%,95%,52%,8%
Kamala [COMMA-luh] Harris,Number of respondents,"1,788",610,582,596,820,956,277,414,612,442,"1,140",306,173,139,827,949,581,553,234,381,503,640,645,826,872,90,543,538,611,738
What one issue is most important in deciding your vote this November?,[VOL] The economy (including jobs and the stock market),26%,26%,28%,25%,30%,23%,16%,24%,36%,23%,28%,19%,33%,19%,29%,25%,30%,27%,27%,21%,26%,25%,28%,14%,40%,14%,13%,39%,28%,14%
What one issue is most important in deciding your vote this November?,[VOL] Immigration,16%,21%,14%,13%,18%,14%,13%,9%,14%,25%,20%,3%,14%,14%,12%,19%,14%,24%,5%,10%,13%,15%,19%,2%,27%,24%,4%,30%,12%,4%
What one issue is most important in deciding your vote this November?,[VOL] Abortion,16%,18%,16%,13%,6%,24%,22%,18%,13%,13%,14%,18%,17%,21%,19%,13%,18%,12%,24%,16%,16%,18%,14%,30%,4%,7%,30%,5%,14%,27%
What one issue is most important in deciding your vote this November?,[VOL] The state of democracy/corruption,6%,8%,5%,5%,7%,5%,<.5%,6%,6%,8%,6%,7%,2%,7%,7%,5%,7%,5%,6%,5%,6%,6%,5%,11%,1%,<1%,10%,1%,7%,11%
What one issue is most important in deciding your vote this November?,[VOL] Character/competence of candidate,5%,4%,6%,5%,5%,5%,2%,4%,5%,6%,4%,8%,2%,5%,6%,4%,6%,3%,7%,5%,6%,5%,4%,7%,4%,<1%,6%,4%,5%,6%
What one issue is most important in deciding your vote this November?,[VOL] Inflation and the cost of living,5%,2%,6%,6%,6%,3%,12%,4%,3%,3%,4%,7%,4%,5%,3%,6%,2%,5%,4%,7%,4%,5%,5%,3%,6%,12%,4%,6%,5%,3%
What one issue is most important in deciding your vote this November?,[VOL] Dislike of opposing candidate,4%,3%,3%,6%,3%,5%,2%,3%,5%,5%,4%,4%,4%,2%,4%,4%,4%,4%,5%,3%,4%,3%,5%,5%,3%,3%,5%,5%,3%,5%
What one issue is most important in deciding your vote this November?,[VOL] Equality/inequality,2%,1%,2%,4%,2%,3%,4%,3%,2%,<1%,2%,2%,3%,2%,2%,2%,3%,2%,2%,2%,3%,1%,3%,4%,<1%,<.5%,2%,<1%,3%,3%
What one issue is most important in deciding your vote this November?,[VOL] Taxes,2%,2%,2%,2%,3%,1%,3%,3%,2%,<1%,2%,3%,<1%,4%,<1%,2%,1%,2%,<1%,3%,2%,2%,1%,2%,2%,3%,2%,<1%,2%,2%
What one issue is most important in deciding your vote this November?,[VOL] Health care,2%,2%,1%,2%,1%,2%,1%,3%,2%,<.5%,1%,3%,<1%,<.5%,2%,2%,2%,1%,2%,2%,2%,2%,<1%,3%,<.5%,2%,2%,0%,2%,3%
What one issue is most important in deciding your vote this November?,[VOL] Foreign policy,2%,2%,2%,<1%,2%,1%,1%,2%,1%,1%,1%,<.5%,2%,7%,2%,1%,2%,<1%,3%,2%,2%,2%,1%,1%,2%,4%,<.5%,1%,3%,2%
What one issue is most important in deciding your vote this November?,[VOL] Gun policies,1%,1%,2%,<1%,1%,1%,4%,2%,<1%,<.5%,<1%,2%,4%,3%,1%,2%,<1%,<1%,2%,3%,<1%,2%,<1%,2%,1%,0%,1%,<1%,2%,2%
What one issue is most important in deciding your vote this November?,[VOL] Polarization/division,<1%,<1%,<1%,2%,1%,<1%,1%,<1%,<1%,1%,1%,2%,<.5%,0%,<1%,1%,<1%,1%,<1%,1%,<1%,<1%,2%,2%,<.5%,<1%,2%,<.5%,<1%,2%
What one issue is most important in deciding your vote this November?,[VOL] Climate change,<1%,<1%,<.5%,2%,2%,<1%,<1%,1%,<.5%,1%,<1%,1%,2%,0%,2%,<1%,2%,<.5%,0%,1%,1%,1%,<1%,2%,0%,<1%,2%,0%,<1%,2%
What one issue is most important in deciding your vote this November?,[VOL] Education,<1%,<1%,<.5%,1%,<.5%,1%,<.5%,2%,<.5%,<.5%,<.5%,1%,2%,<1%,1%,<.5%,<1%,<.5%,3%,<.5%,2%,<.5%,<.5%,<1%,<.5%,5%,1%,<.5%,<1%,<1%
What one issue is most important in deciding your vote this November?,[VOL] Racism/racial issues,<1%,<.5%,1%,<1%,<.5%,<1%,<1%,<.5%,<1%,1%,<.5%,2%,1%,1%,<.5%,1%,0%,<.5%,<.5%,3%,<.5%,1%,<.5%,1%,<.5%,3%,1%,0%,1%,1%
What one issue is most important in deciding your vote this November?,[VOL] Student loans,<.5%,<.5%,<1%,<.5%,<.5%,<1%,3%,<.5%,0%,0%,0%,1%,<1%,2%,<.5%,<1%,0%,0%,<.5%,2%,<.5%,<.5%,<1%,<.5%,0%,4%,1%,0%,0%,<1%
What one issue is most important in deciding your vote this November?,[VOL] The Middle East/Israel/Palestinians,<.5%,<.5%,<.5%,<.5%,<.5%,<.5%,<1%,1%,0%,0%,<.5%,0%,1%,<.5%,<1%,<.5%,<1%,<.5%,1%,0%,<1%,<.5%,<.5%,<.5%,<.5%,2%,<.5%,<.5%,<.5%,<1%
What one issue is most important in deciding your vote this November?,[VOL] Crime,<.5%,<.5%,<.5%,<1%,<.5%,<.5%,<.5%,<.5%,<.5%,<1%,<.5%,0%,1%,0%,<.5%,<.5%,<.5%,<.5%,<.5%,<.5%,<.5%,<.5%,<1%,0%,<1%,0%,0%,<1%,<.5%,0%
What one issue is most important in deciding your vote this November?,[VOL] Election integrity,<.5%,<.5%,<.5%,<1%,<.5%,<.5%,0%,<.5%,<.5%,<1%,<.5%,<.5%,0%,0%,<1%,0%,<1%,0%,<1%,0%,<.5%,<.5%,<1%,<.5%,<.5%,0%,<1%,<.5%,<.5%,<.5%
What one issue is most important in deciding your vote this November?,[VOL] Russia/the war in Ukraine,<.5%,<1%,<.5%,0%,<.5%,<.5%,<.5%,<1%,<.5%,0%,<.5%,0%,0%,0%,0%,<.5%,0%,<1%,0%,0%,<1%,0%,<.5%,<1%,0%,0%,<.5%,0%,0%,<1%
What one issue is most important in deciding your vote this November?,[VOL] China,0%,0%,0%,0%,0%,0%,0%,0%,0%,0%,0%,0%,0%,0%,0%,0%,0%,0%,0%,0%,0%,0%,0%,0%,0%,0%,0%,0%,0%,0%
What one issue is most important in deciding your vote this November?,"[VOL] Other, specify",5%,4%,5%,7%,7%,4%,4%,5%,6%,5%,5%,8%,3%,5%,4%,6%,3%,6%,4%,7%,6%,4%,5%,6%,5%,5%,6%,4%,7%,6%
What one issue is most important in deciding your vote this November?,[VOL] Don't know/Refused,4%,2%,5%,4%,4%,3%,6%,5%,2%,3%,3%,8%,3%,3%,2%,4%,2%,3%,3%,7%,3%,4%,4%,4%,2%,11%,5%,2%,4%,5%
What one issue is most important in deciding your vote this November?,Number of respondents,"1,788",610,582,596,820,956,277,414,612,442,"1,140",306,173,139,827,949,581,553,234,381,503,640,645,826,872,90,543,538,611,738
Which candidate do you think would do a better job of handling the issue you think is most important?,"Kamala [COMMA-luh] Harris, the Democrat",46%,45%,46%,46%,39%,51%,51%,50%,43%,43%,35%,82%,51%,45%,54%,40%,50%,25%,67%,66%,58%,51%,31%,96%,2%,20%,95%,3%,43%,91%
Which candidate do you think would do a better job of handling the issue you think is most important?,"Donald Trump, the Republican",50%,52%,50%,50%,57%,46%,46%,44%,53%,55%,62%,12%,41%,48%,42%,56%,48%,73%,27%,27%,37%,45%,65%,2%,97%,31%,3%,96%,50%,5%
Which candidate do you think would do a better job of handling the issue you think is most important?,[VOL] Neither candidate,2%,2%,2%,2%,2%,2%,2%,3%,2%,<1%,1%,2%,3%,4%,2%,1%,2%,<1%,3%,3%,2%,2%,1%,2%,<.5%,16%,1%,<.5%,3%,2%
Which candidate do you think would do a better job of handling the issue you think is most important?,[VOL] Someone else; specify,<.5%,0%,<.5%,<.5%,<.5%,0%,0%,<1%,0%,<.5%,<.5%,0%,0%,<.5%,0%,<.5%,0%,<.5%,0%,<.5%,0%,<.5%,<.5%,0%,0%,3%,0%,0%,<.5%,0%
Which candidate do you think would do a better job of handling the issue you think is most important?,[VOL] Don't know/Refused,2%,2%,2%,3%,2%,1%,1%,3%,3%,1%,<1%,4%,5%,2%,2%,2%,<1%,<1%,3%,4%,3%,1%,2%,<.5%,<1%,29%,1%,<1%,3%,2%
Which candidate do you think would do a better job of handling the issue you think is most important?,Number of respondents,"1,788",610,582,596,820,956,277,414,612,442,"1,140",306,173,139,827,949,581,553,234,381,503,640,645,826,872,90,543,538,611,738
"Do you think abortion should be always legal, mostly legal, mostly illegal or always illegal?",Always legal,34%,37%,30%,34%,27%,40%,41%,37%,34%,29%,31%,46%,37%,35%,40%,30%,38%,25%,45%,40%,41%,38%,25%,62%,10%,20%,63%,9%,31%,61%
"Do you think abortion should be always legal, mostly legal, mostly illegal or always illegal?",Mostly legal,31%,28%,36%,29%,35%,28%,34%,28%,33%,31%,31%,34%,27%,32%,32%,31%,31%,31%,34%,30%,31%,32%,30%,29%,33%,28%,27%,31%,36%,28%
"Do you think abortion should be always legal, mostly legal, mostly illegal or always illegal?",Mostly illegal,18%,19%,17%,18%,18%,18%,16%,16%,17%,21%,22%,6%,14%,16%,17%,19%,20%,24%,7%,12%,13%,16%,23%,4%,32%,11%,3%,34%,17%,4%
"Do you think abortion should be always legal, mostly legal, mostly illegal or always illegal?",Always illegal,9%,9%,8%,9%,10%,8%,8%,8%,8%,10%,9%,5%,11%,8%,5%,11%,5%,12%,5%,8%,6%,5%,14%,2%,15%,3%,2%,18%,5%,3%
"Do you think abortion should be always legal, mostly legal, mostly illegal or always illegal?",[VOL] Don't know/Refused,8%,6%,9%,9%,11%,6%,2%,10%,7%,8%,7%,9%,11%,9%,6%,9%,5%,8%,8%,10%,8%,8%,7%,3%,9%,37%,5%,7%,10%,5%
"Do you think abortion should be always legal, mostly legal, mostly illegal or always illegal?",NET Legal,65%,66%,66%,63%,61%,68%,74%,66%,67%,61%,62%,80%,65%,67%,72%,61%,70%,56%,79%,70%,72%,70%,55%,91%,43%,48%,90%,41%,68%,89%
"Do you think abortion should be always legal, mostly legal, mostly illegal or always illegal?",NET Illegal,27%,28%,25%,28%,28%,26%,24%,24%,25%,32%,31%,11%,25%,24%,22%,30%,25%,36%,12%,20%,20%,22%,37%,6%,48%,15%,5%,52%,23%,6%
"Do you think abortion should be always legal, mostly legal, mostly illegal or always illegal?",Number of respondents,"1,788",610,582,596,820,956,277,414,612,442,"1,140",306,173,139,827,949,581,553,234,381,503,640,645,826,872,90,543,538,611,738
"In 2015, the Supreme Court ruled that the Constitution guarantees a right to same-sex marriage. Do you favor or oppose that decision?",Strongly favor,46%,53%,39%,44%,38%,52%,62%,59%,42%,33%,48%,34%,54%,46%,58%,38%,62%,38%,50%,38%,54%,50%,35%,70%,24%,40%,66%,20%,51%,67%
"In 2015, the Supreme Court ruled that the Constitution guarantees a right to same-sex marriage. Do you favor or oppose that decision?",Somewhat favor,17%,15%,21%,15%,20%,14%,19%,16%,16%,17%,17%,18%,15%,17%,15%,18%,14%,18%,17%,17%,15%,17%,18%,13%,20%,22%,13%,20%,18%,13%
"In 2015, the Supreme Court ruled that the Constitution guarantees a right to same-sex marriage. Do you favor or oppose that decision?",Somewhat oppose,8%,8%,9%,7%,11%,6%,7%,7%,9%,9%,7%,10%,8%,12%,7%,9%,6%,9%,8%,11%,6%,9%,9%,5%,12%,5%,5%,13%,7%,5%
"In 2015, the Supreme Court ruled that the Constitution guarantees a right to same-sex marriage. Do you favor or oppose that decision?",Strongly oppose,22%,17%,21%,27%,23%,20%,11%,11%,23%,32%,22%,23%,15%,16%,13%,27%,13%,28%,11%,24%,19%,16%,29%,8%,35%,18%,10%,38%,16%,9%
"In 2015, the Supreme Court ruled that the Constitution guarantees a right to same-sex marriage. Do you favor or oppose that decision?",[VOL] Don't know/Refused,8%,6%,10%,7%,8%,8%,2%,7%,11%,7%,6%,14%,7%,9%,8%,8%,5%,7%,13%,11%,6%,8%,9%,5%,10%,15%,6%,9%,8%,6%
"In 2015, the Supreme Court ruled that the Constitution guarantees a right to same-sex marriage. Do you favor or oppose that decision?",NET Favor,62%,68%,59%,59%,58%,66%,81%,75%,58%,51%,65%,53%,70%,63%,73%,56%,76%,57%,68%,55%,69%,67%,54%,82%,44%,63%,78%,40%,70%,80%
"In 2015, the Supreme Court ruled that the Constitution guarantees a right to same-sex marriage. Do you favor or oppose that decision?",NET Oppose,30%,25%,30%,34%,34%,26%,17%,18%,31%,42%,29%,33%,23%,28%,19%,36%,19%,37%,20%,34%,25%,26%,37%,12%,46%,23%,16%,51%,23%,14%
"In 2015, the Supreme Court ruled that the Constitution guarantees a right to same-sex marriage. Do you favor or oppose that decision?",Number of respondents,"1,788",610,582,596,820,956,277,414,612,442,"1,140",306,173,139,827,949,581,553,234,381,503,640,645,826,872,90,543,538,611,738
The economy,Kamala Harris,42%,42%,42%,42%,35%,48%,41%,45%,40%,43%,33%,75%,47%,38%,50%,37%,46%,24%,60%,60%,53%,46%,30%,90%,<1%,13%,90%,3%,38%,87%
The economy,Donald Trump,55%,56%,54%,55%,62%,50%,57%,50%,56%,57%,65%,19%,50%,61%,48%,60%,52%,74%,36%,35%,43%,51%,68%,8%,99%,57%,7%,96%,58%,10%
The economy,[VOL] Don’t know/Refused,3%,2%,3%,3%,3%,2%,1%,5%,3%,<1%,2%,6%,2%,1%,3%,2%,2%,1%,4%,4%,4%,3%,2%,2%,<.5%,29%,2%,<1%,5%,3%
The economy,MARGIN Trump +13 Calculated using candidates’ unrounded vote shares,MARGIN Trump +13 Calculated using candidates’ unrounded vote shares,MARGIN Trump +13 Calculated using candidates’ unrounded vote shares,MARGIN Trump +13 Calculated using candidates’ unrounded vote shares,MARGIN Trump +13 Calculated using candidates’ unrounded vote shares,MARGIN Trump +13 Calculated using candidates’ unrounded vote shares,MARGIN Trump +13 Calculated using candidates’ unrounded vote shares,MARGIN Trump +13 Calculated using candidates’ unrounded vote shares,MARGIN Trump +13 Calculated using candidates’ unrounded vote shares,MARGIN Trump +13 Calculated using candidates’ unrounded vote shares,MARGIN Trump +13 Calculated using candidates’ unrounded vote shares,MARGIN Trump +13 Calculated using candidates’ unrounded vote shares,MARGIN Trump +13 Calculated using candidates’ unrounded vote shares,MARGIN Trump +13 Calculated using candidates’ unrounded vote shares,MARGIN Trump +13 Calculated using candidates’ unrounded vote shares,MARGIN Trump +13 Calculated using candidates’ unrounded vote shares,MARGIN Trump +13 Calculated using candidates’ unrounded vote shares,MARGIN Trump +13 Calculated using candidates’ unrounded vote shares,MARGIN Trump +13 Calculated using candidates’ unrounded vote shares,MARGIN Trump +13 Calculated using candidates’ unrounded vote shares,MARGIN Trump +13 Calculated using candidates’ unrounded vote shares,MARGIN Trump +13 Calculated using candidates’ unrounded vote shares,MARGIN Trump +13 Calculated using candidates’ unrounded vote shares,MARGIN Trump +13 Calculated using candidates’ unrounded vote shares,MARGIN Trump +13 Calculated using candidates’ unrounded vote shares,MARGIN Trump +13 Calculated using candidates’ unrounded vote shares,MARGIN Trump +13 Calculated using candidates’ unrounded vote shares,MARGIN Trump +13 Calculated using candidates’ unrounded vote shares,MARGIN Trump +13 Calculated using candidates’ unrounded vote shares,MARGIN Trump +13 Calculated using candidates’ unrounded vote shares,MARGIN Trump +13 Calculated using candidates’ unrounded vote shares
Abortion,Kamala Harris,53%,54%,53%,51%,48%,56%,62%,62%,50%,46%,43%,86%,61%,54%,64%,46%,57%,33%,79%,70%,65%,57%,39%,97%,13%,41%,95%,8%,57%,94%
Abortion,Donald Trump,41%,41%,40%,42%,45%,39%,35%,31%,44%,48%,52%,8%,29%,40%,32%,47%,39%,62%,16%,22%,29%,35%,55%,1%,81%,11%,3%,86%,35%,3%
Abortion,[VOL] Don’t know/Refused,6%,5%,7%,6%,7%,5%,2%,7%,7%,6%,5%,6%,10%,6%,5%,7%,4%,6%,5%,8%,6%,7%,5%,2%,6%,47%,2%,6%,8%,3%
Abortion,MARGIN Harris +12 Calculated using candidates’ unrounded vote shares,MARGIN Harris +12 Calculated using candidates’ unrounded vote shares,MARGIN Harris +12 Calculated using candidates’ unrounded vote shares,MARGIN Harris +12 Calculated using candidates’ unrounded vote shares,MARGIN Harris +12 Calculated using candidates’ unrounded vote shares,MARGIN Harris +12 Calculated using candidates’ unrounded vote shares,MARGIN Harris +12 Calculated using candidates’ unrounded vote shares,MARGIN Harris +12 Calculated using candidates’ unrounded vote shares,MARGIN Harris +12 Calculated using candidates’ unrounded vote shares,MARGIN Harris +12 Calculated using candidates’ unrounded vote shares,MARGIN Harris +12 Calculated using candidates’ unrounded vote shares,MARGIN Harris +12 Calculated using candidates’ unrounded vote shares,MARGIN Harris +12 Calculated using candidates’ unrounded vote shares,MARGIN Harris +12 Calculated using candidates’ unrounded vote shares,MARGIN Harris +12 Calculated using candidates’ unrounded vote shares,MARGIN Harris +12 Calculated using candidates’ unrounded vote shares,MARGIN Harris +12 Calculated using candidates’ unrounded vote shares,MARGIN Harris +12 Calculated using candidates’ unrounded vote shares,MARGIN Harris +12 Calculated using candidates’ unrounded vote shares,MARGIN Harris +12 Calculated using candidates’ unrounded vote shares,MARGIN Harris +12 Calculated using candidates’ unrounded vote shares,MARGIN Harris +12 Calculated using candidates’ unrounded vote shares,MARGIN Harris +12 Calculated using candidates’ unrounded vote shares,MARGIN Harris +12 Calculated using candidates’ unrounded vote shares,MARGIN Harris +12 Calculated using candidates’ unrounded vote shares,MARGIN Harris +12 Calculated using candidates’ unrounded vote shares,MARGIN Harris +12 Calculated using candidates’ unrounded vote shares,MARGIN Harris +12 Calculated using candidates’ unrounded vote shares,MARGIN Harris +12 Calculated using candidates’ unrounded vote shares,MARGIN Harris +12 Calculated using candidates’ unrounded vote shares,MARGIN Harris +12 Calculated using candidates’ unrounded vote shares
Immigration,Kamala Harris,43%,42%,42%,45%,35%,49%,47%,47%,39%,42%,34%,75%,53%,38%,51%,38%,46%,25%,62%,61%,56%,47%,29%,90%,3%,16%,91%,3%,39%,87%
Immigration,Donald Trump,54%,55%,56%,52%,62%,48%,50%,48%,58%,57%,64%,19%,44%,58%,46%,59%,52%,74%,32%,34%,40%,51%,68%,8%,97%,53%,8%,96%,56%,11%
Immigration,[VOL] Don’t know/Refused,3%,2%,3%,4%,3%,3%,3%,5%,3%,1%,2%,6%,4%,5%,3%,3%,2%,2%,5%,5%,3%,3%,3%,2%,<1%,31%,2%,1%,5%,3%
Immigration,MARGIN Trump +11 Calculated using candidates’ unrounded vote shares,MARGIN Trump +11 Calculated using candidates’ unrounded vote shares,MARGIN Trump +11 Calculated using candidates’ unrounded vote shares,MARGIN Trump +11 Calculated using candidates’ unrounded vote shares,MARGIN Trump +11 Calculated using candidates’ unrounded vote shares,MARGIN Trump +11 Calculated using candidates’ unrounded vote shares,MARGIN Trump +11 Calculated using candidates’ unrounded vote shares,MARGIN Trump +11 Calculated using candidates’ unrounded vote shares,MARGIN Trump +11 Calculated using candidates’ unrounded vote shares,MARGIN Trump +11 Calculated using candidates’ unrounded vote shares,MARGIN Trump +11 Calculated using candidates’ unrounded vote shares,MARGIN Trump +11 Calculated using candidates’ unrounded vote shares,MARGIN Trump +11 Calculated using candidates’ unrounded vote shares,MARGIN Trump +11 Calculated using candidates’ unrounded vote shares,MARGIN Trump +11 Calculated using candidates’ unrounded vote shares,MARGIN Trump +11 Calculated using candidates’ unrounded vote shares,MARGIN Trump +11 Calculated using candidates’ unrounded vote shares,MARGIN Trump +11 Calculated using candidates’ unrounded vote shares,MARGIN Trump +11 Calculated using candidates’ unrounded vote shares,MARGIN Trump +11 Calculated using candidates’ unrounded vote shares,MARGIN Trump +11 Calculated using candidates’ unrounded vote shares,MARGIN Trump +11 Calculated using candidates’ unrounded vote shares,MARGIN Trump +11 Calculated using candidates’ unrounded vote shares,MARGIN Trump +11 Calculated using candidates’ unrounded vote shares,MARGIN Trump +11 Calculated using candidates’ unrounded vote shares,MARGIN Trump +11 Calculated using candidates’ unrounded vote shares,MARGIN Trump +11 Calculated using candidates’ unrounded vote shares,MARGIN Trump +11 Calculated using candidates’ unrounded vote shares,MARGIN Trump +11 Calculated using candidates’ unrounded vote shares,MARGIN Trump +11 Calculated using candidates’ unrounded vote shares,MARGIN Trump +11 Calculated using candidates’ unrounded vote shares
Democracy,Kamala Harris,47%,48%,47%,48%,41%,53%,53%,53%,45%,43%,37%,83%,57%,44%,58%,41%,51%,27%,73%,66%,59%,54%,33%,97%,3%,31%,95%,4%,47%,92%
Democracy,Donald Trump,47%,47%,47%,48%,54%,42%,44%,39%,49%,53%,59%,10%,37%,49%,39%,53%,46%,68%,22%,26%,36%,41%,62%,<1%,93%,19%,3%,92%,46%,4%
Democracy,[VOL] Don’t know/Refused,5%,5%,6%,5%,6%,5%,3%,8%,5%,4%,4%,7%,6%,8%,4%,6%,3%,5%,5%,8%,5%,6%,5%,2%,3%,50%,2%,3%,7%,3%
Democracy,MARGIN Even Calculated using candidates’ unrounded vote shares,MARGIN Even Calculated using candidates’ unrounded vote shares,MARGIN Even Calculated using candidates’ unrounded vote shares,MARGIN Even Calculated using candidates’ unrounded vote shares,MARGIN Even Calculated using candidates’ unrounded vote shares,MARGIN Even Calculated using candidates’ unrounded vote shares,MARGIN Even Calculated using candidates’ unrounded vote shares,MARGIN Even Calculated using candidates’ unrounded vote shares,MARGIN Even Calculated using candidates’ unrounded vote shares,MARGIN Even Calculated using candidates’ unrounded vote shares,MARGIN Even Calculated using candidates’ unrounded vote shares,MARGIN Even Calculated using candidates’ unrounded vote shares,MARGIN Even Calculated using candidates’ unrounded vote shares,MARGIN Even Calculated using candidates’ unrounded vote shares,MARGIN Even Calculated using candidates’ unrounded vote shares,MARGIN Even Calculated using candidates’ unrounded vote shares,MARGIN Even Calculated using candidates’ unrounded vote shares,MARGIN Even Calculated using candidates’ unrounded vote shares,MARGIN Even Calculated using candidates’ unrounded vote shares,MARGIN Even Calculated using candidates’ unrounded vote shares,MARGIN Even Calculated using candidates’ unrounded vote shares,MARGIN Even Calculated using candidates’ unrounded vote shares,MARGIN Even Calculated using candidates’ unrounded vote shares,MARGIN Even Calculated using candidates’ unrounded vote shares,MARGIN Even Calculated using candidates’ unrounded vote shares,MARGIN Even Calculated using candidates’ unrounded vote shares,MARGIN Even Calculated using candidates’ unrounded vote shares,MARGIN Even Calculated using candidates’ unrounded vote shares,MARGIN Even Calculated using candidates’ unrounded vote shares,MARGIN Even Calculated using candidates’ unrounded vote shares,MARGIN Even Calculated using candidates’ unrounded vote shares
"(Ask if undecided or persuadable voter)  What, if anything, is your biggest concern about Donald Trump?",[VOL] Personality/behavior,34%,33%,26%,44%,33%,35%,35%,38%,37%,20%,41%,28%,27%,24%,44%,29%,50%,34%,35%,24%,29%,34%,38%,28%,47%,24%,25%,37%,38%,28%
"(Ask if undecided or persuadable voter)  What, if anything, is your biggest concern about Donald Trump?",[VOL] Ethics/honesty,9%,7%,14%,6%,9%,10%,5%,11%,13%,5%,6%,16%,4%,16%,8%,10%,6%,7%,11%,13%,6%,10%,10%,16%,4%,8%,17%,7%,7%,14%
"(Ask if undecided or persuadable voter)  What, if anything, is your biggest concern about Donald Trump?",[VOL] Threat to democracy,7%,6%,6%,10%,7%,7%,6%,12%,4%,5%,9%,6%,4%,4%,8%,6%,12%,6%,2%,6%,10%,9%,3%,10%,4%,8%,2%,3%,11%,11%
"(Ask if undecided or persuadable voter)  What, if anything, is your biggest concern about Donald Trump?",[VOL] Ability to do the job,7%,8%,5%,7%,9%,5%,1%,6%,9%,15%,6%,3%,5%,16%,6%,8%,3%,9%,7%,6%,8%,5%,8%,6%,4%,12%,4%,2%,11%,6%
"(Ask if undecided or persuadable voter)  What, if anything, is your biggest concern about Donald Trump?",[VOL] Race/racism/sexism,6%,7%,6%,5%,5%,7%,6%,8%,6%,2%,2%,8%,12%,12%,5%,7%,2%,3%,10%,11%,8%,9%,2%,13%,1%,5%,11%,0%,8%,9%
"(Ask if undecided or persuadable voter)  What, if anything, is your biggest concern about Donald Trump?",[VOL] Abortion,3%,5%,4%,<1%,2%,5%,9%,<.5%,3%,0%,3%,6%,2%,2%,3%,3%,5%,<1%,<.5%,5%,2%,1%,6%,3%,2%,5%,9%,2%,2%,5%
"(Ask if undecided or persuadable voter)  What, if anything, is your biggest concern about Donald Trump?",[VOL] Court cases/convictions,3%,3%,4%,2%,4%,1%,5%,2%,4%,0%,2%,4%,5%,3%,5%,2%,4%,<1%,7%,3%,2%,2%,4%,3%,<1%,6%,0%,2%,2%,3%
"(Ask if undecided or persuadable voter)  What, if anything, is your biggest concern about Donald Trump?",[VOL] Immigration,3%,4%,<.5%,5%,2%,4%,3%,3%,4%,2%,2%,5%,6%,0%,2%,4%,<1%,2%,4%,5%,<.5%,3%,5%,4%,2%,2%,6%,5%,2%,4%
"(Ask if undecided or persuadable voter)  What, if anything, is your biggest concern about Donald Trump?",[VOL] Don't know/refused,3%,3%,3%,1%,<1%,4%,1%,5%,<1%,2%,2%,3%,2%,0%,2%,2%,3%,2%,2%,2%,7%,2%,0%,2%,2%,4%,4%,0%,3%,3%
"(Ask if undecided or persuadable voter)  What, if anything, is your biggest concern about Donald Trump?",[VOL] Economy,0%,0%,0%,0%,0%,0%,0%,0%,0%,0%,0%,0%,0%,0%,0%,0%,0%,0%,0%,0%,0%,0%,0%,0%,0%,0%,0%,0%,0%,0%
"(Ask if undecided or persuadable voter)  What, if anything, is your biggest concern about Donald Trump?",[VOL] Other (specify),9%,7%,11%,10%,13%,5%,17%,5%,11%,1%,8%,9%,11%,14%,6%,11%,5%,12%,8%,12%,14%,8%,8%,7%,15%,5%,9%,12%,8%,9%
"(Ask if undecided or persuadable voter)  What, if anything, is your biggest concern about Donald Trump?",[VOL] No biggest concern,16%,18%,20%,9%,15%,17%,10%,9%,8%,48%,18%,10%,22%,10%,11%,19%,10%,25%,14%,13%,13%,17%,16%,9%,18%,20%,13%,30%,8%,8%
"(Ask if undecided or persuadable voter)  What, if anything, is your biggest concern about Donald Trump?",Number of respondents,343,130,109,104,185,155,100,94,104,37,173,68,57,37,154,186,98,74,52,109,99,128,116,115,144,84,55,51,193,102
"(Ask if undecided or persuadable voter)  What, if anything, is your biggest concern about Kamala Harris?",[VOL] Personality/judgement/attitude/ability,16%,20%,19%,10%,18%,15%,14%,19%,14%,24%,19%,17%,14%,7%,14%,18%,14%,23%,13%,14%,11%,18%,18%,13%,18%,17%,8%,10%,17%,11%
"(Ask if undecided or persuadable voter)  What, if anything, is your biggest concern about Kamala Harris?",[VOL] Economy,12%,11%,15%,9%,8%,17%,12%,10%,19%,3%,13%,9%,16%,9%,13%,12%,18%,9%,5%,14%,12%,16%,8%,17%,10%,9%,17%,13%,13%,14%
"(Ask if undecided or persuadable voter)  What, if anything, is your biggest concern about Kamala Harris?",[VOL] Honesty/follow through,12%,12%,7%,16%,16%,7%,8%,12%,13%,14%,11%,13%,5%,20%,8%,14%,6%,16%,10%,13%,9%,9%,16%,11%,13%,10%,14%,8%,15%,12%
"(Ask if undecided or persuadable voter)  What, if anything, is your biggest concern about Kamala Harris?",[VOL] Don’t know enough about her,6%,7%,6%,6%,6%,6%,4%,6%,11%,0%,6%,8%,3%,4%,9%,4%,8%,4%,13%,3%,9%,5%,6%,5%,5%,9%,6%,6%,6%,7%
"(Ask if undecided or persuadable voter)  What, if anything, is your biggest concern about Kamala Harris?",[VOL] Lack of experience,6%,4%,8%,6%,8%,4%,6%,8%,7%,0%,5%,6%,10%,4%,9%,4%,7%,4%,14%,4%,8%,6%,4%,3%,7%,7%,6%,2%,5%,7%
"(Ask if undecided or persuadable voter)  What, if anything, is your biggest concern about Kamala Harris?",[VOL] Ideology,4%,3%,7%,3%,1%,8%,2%,<1%,3%,17%,7%,0%,3%,0%,4%,4%,5%,9%,3%,0%,1%,6%,4%,0%,6%,6%,0%,10%,2%,1%
"(Ask if undecided or persuadable voter)  What, if anything, is your biggest concern about Kamala Harris?",[VOL] Immigration,3%,3%,4%,1%,2%,4%,6%,3%,1%,0%,<.5%,8%,3%,5%,1%,4%,<.5%,0%,3%,7%,<1%,1%,6%,1%,1%,6%,9%,2%,1%,5%
"(Ask if undecided or persuadable voter)  What, if anything, is your biggest concern about Kamala Harris?",[VOL] Track record,3%,3%,4%,<.5%,3%,2%,3%,3%,2%,<1%,2%,0%,4%,10%,3%,2%,4%,<.5%,3%,3%,<1%,4%,3%,<1%,5%,<1%,1%,2%,4%,1%
"(Ask if undecided or persuadable voter)  What, if anything, is your biggest concern about Kamala Harris?",[VOL] Other (specify),23%,24%,14%,33%,21%,25%,28%,22%,18%,27%,28%,16%,14%,32%,23%,24%,24%,30%,20%,18%,24%,17%,30%,25%,25%,20%,14%,28%,25%,21%
"(Ask if undecided or persuadable voter)  What, if anything, is your biggest concern about Kamala Harris?",[VOL] No biggest concern,13%,12%,13%,12%,14%,9%,14%,12%,10%,14%,7%,21%,24%,5%,14%,12%,12%,3%,17%,19%,20%,14%,6%,20%,7%,12%,23%,11%,10%,17%
"(Ask if undecided or persuadable voter)  What, if anything, is your biggest concern about Kamala Harris?",[VOL] Don't know/refused,3%,1%,2%,4%,2%,4%,3%,4%,2%,0%,2%,3%,4%,5%,1%,3%,2%,1%,0%,5%,3%,4%,<.5%,4%,<1%,3%,2%,6%,2%,2%
"(Ask if undecided or persuadable voter)  What, if anything, is your biggest concern about Kamala Harris?",Number of respondents,343,130,109,104,185,155,100,94,104,37,173,68,57,37,154,186,98,74,52,109,99,128,116,115,144,84,55,51,193,102
"Which statement comes closer to your view, even if neither is exactly right?",The obstacles that once made it harder for women than men to get ahead are now largely gone,45%,47%,48%,41%,54%,38%,50%,45%,45%,45%,51%,25%,42%,50%,39%,49%,43%,56%,29%,38%,42%,42%,50%,17%,72%,43%,20%,69%,46%,18%
"Which statement comes closer to your view, even if neither is exactly right?",There are still significant obstacles that make it harder for women to get ahead than men,50%,49%,48%,53%,41%,58%,49%,50%,52%,48%,45%,68%,55%,45%,58%,45%,53%,39%,68%,56%,53%,53%,45%,81%,23%,40%,78%,25%,48%,79%
"Which statement comes closer to your view, even if neither is exactly right?",[VOL] Don’t know/Refused,5%,4%,4%,6%,5%,4%,2%,5%,3%,7%,4%,6%,3%,6%,3%,6%,3%,5%,3%,6%,5%,4%,5%,3%,6%,18%,3%,6%,5%,3%
"Which statement comes closer to your view, even if neither is exactly right?",Number of respondents,"1,788",610,582,596,820,956,277,414,612,442,"1,140",306,173,139,827,949,581,553,234,381,503,640,645,826,872,90,543,538,611,738
"Which statement comes closer to your view, even if neither is exactly right?",Business corporations make too much profit,58%,60%,57%,58%,50%,66%,68%,70%,55%,51%,52%,78%,70%,55%,58%,59%,53%,52%,72%,71%,68%,60%,51%,81%,37%,58%,84%,35%,58%,80%
"Which statement comes closer to your view, even if neither is exactly right?",Most corporations make a fair and reasonable amount of profit,35%,33%,38%,34%,45%,27%,29%,24%,39%,43%,41%,18%,23%,36%,36%,34%,42%,41%,23%,22%,25%,34%,43%,14%,54%,32%,13%,57%,35%,16%
"Which statement comes closer to your view, even if neither is exactly right?",[VOL] Don’t know/Refused,6%,7%,5%,7%,5%,7%,3%,6%,6%,6%,7%,4%,7%,9%,5%,7%,5%,7%,5%,6%,7%,6%,6%,4%,8%,10%,4%,8%,7%,4%
"Which statement comes closer to your view, even if neither is exactly right?",Number of respondents,"1,788",610,582,596,820,956,277,414,612,442,"1,140",306,173,139,827,949,581,553,234,381,503,640,645,826,872,90,543,538,611,738
"Which statement comes closer to your view, even if neither is exactly right?",America’s openness to people from all over the world is essential to who we are as a nation,60%,61%,57%,61%,56%,62%,69%,66%,59%,53%,53%,77%,69%,69%,68%,55%,66%,44%,74%,73%,70%,62%,50%,90%,31%,62%,89%,30%,63%,88%
"Which statement comes closer to your view, even if neither is exactly right?","If America is too open to people from all over the world, we risk losing our identity as a nation",34%,32%,38%,33%,37%,32%,28%,26%,35%,42%,41%,18%,28%,26%,27%,39%,29%,49%,22%,22%,24%,33%,43%,7%,60%,22%,8%,62%,32%,10%
"Which statement comes closer to your view, even if neither is exactly right?",[VOL] Don’t know/Refused,6%,7%,5%,6%,6%,6%,3%,7%,6%,5%,6%,5%,3%,5%,5%,6%,5%,7%,4%,5%,6%,5%,7%,2%,8%,16%,3%,8%,6%,3%
"Which statement comes closer to your view, even if neither is exactly right?",Number of respondents,"1,788",610,582,596,820,956,277,414,612,442,"1,140",306,173,139,827,949,581,553,234,381,503,640,645,826,872,90,543,538,611,738
"Which statement comes closer to your view, even if neither is exactly right?",It is best for the future of our country to be active in world affairs,42%,41%,40%,45%,37%,46%,37%,37%,40%,50%,43%,38%,38%,43%,52%,36%,55%,35%,46%,36%,45%,43%,39%,61%,26%,26%,60%,32%,38%,60%
"Which statement comes closer to your view, even if neither is exactly right?",We should pay less attention to problems overseas and concentrate on problems here at home,54%,54%,56%,52%,60%,49%,61%,59%,55%,46%,53%,58%,55%,55%,45%,60%,43%,60%,49%,60%,50%,54%,57%,35%,71%,58%,36%,64%,59%,36%
"Which statement comes closer to your view, even if neither is exactly right?",[VOL] Don’t know/Refused,4%,5%,5%,3%,3%,5%,2%,4%,4%,4%,4%,4%,7%,2%,3%,5%,3%,5%,5%,4%,5%,4%,4%,3%,4%,16%,4%,4%,3%,3%
"Which statement comes closer to your view, even if neither is exactly right?",Number of respondents,"1,788",610,582,596,820,956,277,414,612,442,"1,140",306,173,139,827,949,581,553,234,381,503,640,645,826,872,90,543,538,611,738
"(Ask only in AZ)  If the 2024 election were held today, would you vote yes or no on Arizona Proposition 139, a constitutional amendment that would provide a fundamental right to abortion up until fetal viability, or about the 24th week of pregnancy?",Yes,58%,58%,-,-,62%,54%,71%,71%,52%,54%,56%,76%,60%,64%,66%,53%,65%,50%,69%,61%,63%,53%,55%,87%,33%,45%,84%,30%,63%,86%
"(Ask only in AZ)  If the 2024 election were held today, would you vote yes or no on Arizona Proposition 139, a constitutional amendment that would provide a fundamental right to abortion up until fetal viability, or about the 24th week of pregnancy?",No,35%,35%,-,-,30%,40%,29%,22%,40%,39%,38%,19%,30%,25%,27%,40%,28%,45%,23%,29%,33%,39%,33%,9%,60%,27%,11%,63%,28%,9%
"(Ask only in AZ)  If the 2024 election were held today, would you vote yes or no on Arizona Proposition 139, a constitutional amendment that would provide a fundamental right to abortion up until fetal viability, or about the 24th week of pregnancy?",[VOL] Don't know/Refused,7%,7%,-,-,9%,6%,<.5%,7%,8%,7%,6%,5%,10%,10%,7%,7%,7%,5%,8%,10%,5%,8%,11%,5%,7%,28%,5%,7%,9%,5%
"(Ask only in AZ)  If the 2024 election were held today, would you vote yes or no on Arizona Proposition 139, a constitutional amendment that would provide a fundamental right to abortion up until fetal viability, or about the 24th week of pregnancy?",Number of respondents,610,610,,,295,312,104,131,213,147,392,23,116,66,272,334,193,197,72,132,256,214,140,273,302,35,175,187,215,228
"Do you think Donald Trump’s policies have helped people like you, hurt people like you, or haven’t made much of a difference either way?",Helped people like you,45%,46%,43%,46%,50%,41%,41%,35%,48%,51%,57%,11%,31%,37%,36%,51%,43%,67%,19%,23%,34%,38%,59%,2%,86%,29%,3%,87%,43%,4%
"Do you think Donald Trump’s policies have helped people like you, hurt people like you, or haven’t made much of a difference either way?",Hurt people like you,34%,34%,30%,37%,26%,41%,36%,37%,31%,35%,27%,56%,39%,35%,43%,28%,40%,19%,50%,45%,44%,37%,24%,73%,<1%,11%,74%,2%,30%,70%
"Do you think Donald Trump’s policies have helped people like you, hurt people like you, or haven’t made much of a difference either way?",Haven't made much of a difference either way,19%,19%,24%,16%,23%,17%,23%,26%,20%,13%,14%,30%,29%,26%,20%,19%,17%,13%,28%,29%,20%,24%,15%,24%,12%,48%,22%,11%,25%,24%
"Do you think Donald Trump’s policies have helped people like you, hurt people like you, or haven’t made much of a difference either way?",[VOL] Don't know/Refused,2%,<1%,2%,2%,1%,2%,<1%,2%,2%,1%,1%,3%,1%,2%,1%,2%,<1%,1%,3%,2%,2%,1%,2%,<1%,1%,13%,1%,<1%,2%,2%
"Do you think Donald Trump’s policies have helped people like you, hurt people like you, or haven’t made much of a difference either way?",Number of respondents,"1,788",610,582,596,820,956,277,414,612,442,"1,140",306,173,139,827,949,581,553,234,381,503,640,645,826,872,90,543,538,611,738
"Do you think Kamala Harris’s policies would help people like you, hurt people like you, or wouldn't make much of a difference either way?",Help people like you,37%,36%,39%,37%,27%,45%,41%,38%,36%,37%,27%,72%,44%,32%,41%,35%,37%,21%,53%,59%,46%,42%,27%,78%,1%,15%,84%,3%,30%,75%
"Do you think Kamala Harris’s policies would help people like you, hurt people like you, or wouldn't make much of a difference either way?",Hurt people like you,42%,43%,43%,41%,46%,39%,31%,33%,47%,49%,54%,6%,30%,39%,37%,46%,43%,61%,21%,18%,31%,37%,55%,2%,82%,24%,1%,82%,42%,4%
"Do you think Kamala Harris’s policies would help people like you, hurt people like you, or wouldn't make much of a difference either way?",Wouldn't make much of a difference either way,18%,20%,16%,19%,23%,13%,28%,24%,15%,13%,17%,17%,24%,28%,20%,17%,18%,16%,24%,20%,20%,19%,16%,19%,15%,41%,14%,13%,24%,18%
"Do you think Kamala Harris’s policies would help people like you, hurt people like you, or wouldn't make much of a difference either way?",[VOL] Don't know/Refused,3%,2%,2%,4%,3%,2%,<.5%,6%,3%,1%,2%,5%,1%,<.5%,2%,3%,2%,3%,2%,3%,3%,3%,2%,1%,2%,20%,1%,2%,4%,3%
"Do you think Kamala Harris’s policies would help people like you, hurt people like you, or wouldn't make much of a difference either way?",Number of respondents,"1,788",610,582,596,820,956,277,414,612,442,"1,140",306,173,139,827,949,581,553,234,381,503,640,645,826,872,90,543,538,611,738
"Which statement comes closer to your view, even if neither is exactly right?",Society is better off if people make marriage and having children a priority,44%,42%,45%,46%,52%,38%,39%,33%,47%,54%,46%,41%,44%,37%,38%,48%,40%,49%,31%,46%,37%,40%,53%,23%,65%,31%,27%,66%,41%,25%
"Which statement comes closer to your view, even if neither is exactly right?",Society is just as well off if people have priorities other than marriage and children,48%,51%,47%,46%,40%,55%,58%,60%,45%,39%,47%,52%,48%,52%,56%,43%,54%,42%,62%,45%,54%,53%,39%,72%,26%,50%,68%,26%,49%,69%
"Which statement comes closer to your view, even if neither is exactly right?",[VOL] Don’t know/Refused,8%,7%,7%,8%,8%,7%,3%,7%,9%,7%,7%,7%,8%,11%,6%,8%,5%,8%,7%,9%,9%,7%,7%,5%,9%,19%,6%,7%,10%,6%
"Which statement comes closer to your view, even if neither is exactly right?",Number of respondents,"1,788",610,582,596,820,956,277,414,612,442,"1,140",306,173,139,827,949,581,553,234,381,503,640,645,826,872,90,543,538,611,738
"Which statement comes closer to your view, even if neither is exactly right?",Immigrants today strengthen our country because of their hard work and talents,55%,56%,53%,57%,54%,57%,70%,66%,53%,44%,48%,72%,69%,64%,66%,49%,60%,39%,78%,66%,65%,59%,45%,89%,24%,55%,87%,22%,59%,87%
"Which statement comes closer to your view, even if neither is exactly right?","Immigrants today are a burden on our country because they take our jobs, housing and health care",36%,38%,37%,33%,36%,36%,26%,26%,37%,47%,41%,23%,26%,28%,25%,43%,29%,51%,17%,29%,29%,32%,44%,8%,62%,26%,11%,67%,30%,10%
"Which statement comes closer to your view, even if neither is exactly right?",[VOL] Don’t know/Refused,9%,7%,10%,10%,11%,7%,3%,9%,10%,9%,10%,4%,5%,9%,9%,8%,11%,10%,5%,5%,6%,9%,11%,2%,14%,19%,3%,11%,11%,3%
"Which statement comes closer to your view, even if neither is exactly right?",Number of respondents,"1,788",610,582,596,820,956,277,414,612,442,"1,140",306,173,139,827,949,581,553,234,381,503,640,645,826,872,90,543,538,611,738
"Which statement comes closer to your view, even if neither is exactly right?",The U.S. has lost out from increased trade because it has cost jobs,51%,54%,50%,50%,50%,52%,49%,51%,56%,47%,50%,50%,57%,55%,45%,55%,44%,54%,48%,55%,52%,50%,52%,36%,65%,56%,38%,62%,51%,38%
"Which statement comes closer to your view, even if neither is exactly right?",The U.S. has gained from increased trade because it has helped lower prices,32%,32%,35%,30%,37%,29%,41%,33%,28%,33%,33%,36%,28%,24%,37%,29%,39%,29%,34%,30%,33%,35%,29%,46%,20%,21%,44%,22%,35%,43%
"Which statement comes closer to your view, even if neither is exactly right?",[VOL] Don’t know/Refused,17%,14%,16%,20%,13%,19%,11%,16%,15%,20%,17%,13%,16%,21%,17%,16%,18%,17%,17%,15%,16%,15%,18%,18%,15%,23%,18%,16%,14%,18%
"Which statement comes closer to your view, even if neither is exactly right?",Number of respondents,"1,788",610,582,596,820,956,277,414,612,442,"1,140",306,173,139,827,949,581,553,234,381,503,640,645,826,872,90,543,538,611,738
"Which statement comes closer to your view, even if neither is exactly right?",Society should accept transgender people as having the gender they identify with,56%,59%,52%,57%,51%,60%,65%,60%,53%,53%,53%,61%,68%,55%,63%,52%,63%,47%,63%,60%,64%,59%,47%,82%,32%,53%,81%,28%,59%,81%
"Which statement comes closer to your view, even if neither is exactly right?",Society should NOT accept transgender people as having the gender they identify with,35%,33%,37%,35%,40%,31%,31%,31%,37%,37%,38%,26%,27%,34%,28%,39%,29%,44%,26%,29%,28%,30%,44%,12%,58%,17%,12%,61%,31%,13%
"Which statement comes closer to your view, even if neither is exactly right?",[VOL] Don’t know/Refused,9%,8%,11%,9%,9%,10%,3%,9%,10%,10%,9%,13%,5%,10%,9%,9%,8%,9%,11%,10%,8%,11%,9%,6%,11%,30%,6%,10%,10%,7%
"Which statement comes closer to your view, even if neither is exactly right?",Number of respondents,"1,788",610,582,596,820,956,277,414,612,442,"1,140",306,173,139,827,949,581,553,234,381,503,640,645,826,872,90,543,538,611,738
"How much, if at all, do you think the legacy of slavery affects the position of Black people in American society today, a great deal, a fair amount, not much or not at all?",A great deal,28%,24%,32%,29%,22%,33%,36%,36%,26%,22%,18%,59%,35%,31%,32%,26%,25%,14%,50%,46%,34%,31%,22%,53%,6%,21%,59%,5%,23%,52%
"How much, if at all, do you think the legacy of slavery affects the position of Black people in American society today, a great deal, a fair amount, not much or not at all?",A fair amount,24%,25%,23%,24%,25%,23%,28%,23%,25%,23%,26%,23%,21%,18%,28%,22%,31%,23%,23%,21%,25%,25%,23%,35%,15%,21%,28%,16%,28%,33%
"How much, if at all, do you think the legacy of slavery affects the position of Black people in American society today, a great deal, a fair amount, not much or not at all?",Not much,21%,21%,20%,22%,23%,19%,22%,17%,21%,22%,23%,9%,23%,24%,21%,21%,23%,24%,15%,16%,21%,21%,20%,8%,33%,22%,7%,32%,22%,9%
"How much, if at all, do you think the legacy of slavery affects the position of Black people in American society today, a great deal, a fair amount, not much or not at all?",Not at all,23%,26%,22%,21%,25%,21%,13%,17%,24%,29%,29%,5%,16%,24%,16%,27%,19%,35%,7%,14%,17%,18%,32%,3%,42%,15%,4%,43%,22%,4%
"How much, if at all, do you think the legacy of slavery affects the position of Black people in American society today, a great deal, a fair amount, not much or not at all?",[VOL] Don't know/Refused,4%,4%,3%,5%,4%,4%,1%,7%,4%,4%,4%,4%,5%,3%,3%,4%,3%,5%,5%,3%,4%,4%,3%,1%,5%,20%,2%,4%,5%,2%
"How much, if at all, do you think the legacy of slavery affects the position of Black people in American society today, a great deal, a fair amount, not much or not at all?",NET Fair amount/Great deal,52%,49%,55%,53%,47%,57%,64%,59%,51%,45%,44%,82%,56%,49%,60%,48%,55%,36%,73%,67%,58%,56%,45%,88%,21%,42%,87%,20%,51%,85%
"How much, if at all, do you think the legacy of slavery affects the position of Black people in American society today, a great deal, a fair amount, not much or not at all?",NET Not much/Not at all,44%,47%,41%,43%,49%,40%,35%,35%,45%,51%,52%,14%,39%,48%,37%,48%,42%,59%,23%,30%,38%,39%,52%,11%,74%,38%,11%,75%,44%,12%
"How much, if at all, do you think the legacy of slavery affects the position of Black people in American society today, a great deal, a fair amount, not much or not at all?",Number of respondents,"1,788",610,582,596,820,956,277,414,612,442,"1,140",306,173,139,827,949,581,553,234,381,503,640,645,826,872,90,543,538,611,738
"(If country headed in wrong direction) Which statement comes closer to your view, even if neither is exactly right?",Our problems are so bad that America is in danger of failing as a nation,44%,44%,48%,40%,43%,45%,44%,41%,47%,43%,50%,26%,34%,43%,37%,48%,42%,56%,26%,34%,36%,40%,53%,17%,69%,45%,16%,72%,42%,18%
"(If country headed in wrong direction) Which statement comes closer to your view, even if neither is exactly right?","Our problems are bad, but America is not in danger of failing as a nation any time soon",18%,16%,19%,19%,20%,17%,21%,17%,19%,17%,18%,20%,14%,17%,19%,18%,18%,19%,22%,16%,19%,19%,17%,15%,21%,17%,13%,21%,20%,14%
"(If country headed in wrong direction) Which statement comes closer to your view, even if neither is exactly right?",[VOL] Don’t know/Refused,2%,1%,1%,3%,<1%,2%,<1%,2%,2%,3%,1%,2%,4%,3%,1%,2%,<1%,1%,3%,2%,2%,<1%,2%,1%,2%,6%,1%,2%,2%,1%
"(If country headed in wrong direction) Which statement comes closer to your view, even if neither is exactly right?",[PREVIOUSLY] Country is on the right track,27%,29%,24%,28%,29%,26%,24%,26%,27%,30%,22%,43%,37%,23%,32%,24%,30%,17%,38%,37%,34%,31%,19%,54%,4%,12%,56%,3%,27%,53%
"(If country headed in wrong direction) Which statement comes closer to your view, even if neither is exactly right?",[PREVIOUSLY] Don't know/Refused,9%,9%,8%,10%,8%,10%,10%,15%,6%,7%,8%,10%,12%,14%,10%,8%,9%,6%,11%,11%,10%,9%,8%,12%,4%,20%,13%,3%,9%,13%
"(If country headed in wrong direction) Which statement comes closer to your view, even if neither is exactly right?",Number of respondents,"1,788",610,582,596,820,956,277,414,612,442,"1,140",306,173,139,827,949,581,553,234,381,503,640,645,826,872,90,543,538,611,738
NA,[VOL] Social media,19%,21%,20%,16%,21%,18%,40%,24%,17%,9%,17%,17%,30%,29%,16%,21%,14%,20%,21%,24%,20%,21%,17%,15%,23%,20%,12%,22%,23%,13%
NA,[VOL] Fox News,13%,10%,17%,13%,14%,13%,12%,6%,14%,19%,18%,3%,7%,10%,9%,16%,11%,22%,5%,6%,6%,12%,21%,2%,24%,15%,1%,28%,10%,2%
NA,"[VOL] National television networks, like CBS, NBC or ABC",12%,12%,10%,12%,9%,14%,5%,10%,11%,17%,10%,17%,16%,4%,9%,13%,10%,11%,7%,17%,9%,12%,13%,17%,7%,10%,17%,7%,10%,16%
NA,[VOL] CNN,8%,9%,9%,6%,8%,8%,5%,10%,8%,8%,5%,18%,7%,7%,11%,6%,8%,4%,17%,11%,11%,8%,6%,13%,3%,12%,16%,2%,6%,13%
NA,"[VOL] Local broadcast news (includes non-talk, non-public local radio)",5%,3%,8%,6%,4%,6%,5%,3%,7%,6%,4%,12%,2%,4%,3%,7%,3%,5%,4%,10%,5%,6%,5%,6%,4%,9%,9%,5%,3%,7%
NA,[VOL] MSNBC,5%,4%,4%,6%,4%,6%,1%,2%,4%,10%,3%,11%,5%,2%,6%,4%,5%,2%,9%,7%,4%,7%,4%,11%,0%,<1%,13%,<.5%,3%,11%
NA,"[VOL] National print or online news organizations, like The New York Times or The Wall Street Journal",4%,5%,4%,5%,5%,4%,5%,7%,4%,3%,5%,<1%,4%,7%,9%,1%,10%,2%,6%,1%,7%,4%,3%,8%,1%,3%,7%,<1%,6%,9%
NA,"[VOL] Aggregation sites (such as Bing, Google, Yahoo News or Apple News)",4%,4%,3%,5%,4%,4%,4%,4%,5%,3%,4%,3%,5%,6%,4%,4%,4%,4%,5%,4%,5%,4%,4%,5%,3%,2%,4%,2%,5%,5%
NA,[VOL] Public Radio/NPR/PBS,3%,3%,3%,4%,3%,4%,2%,6%,3%,2%,4%,1%,4%,<1%,6%,2%,7%,2%,4%,<1%,5%,3%,3%,7%,<1%,2%,7%,<1%,3%,7%
NA,[VOL] Newsmax,3%,4%,2%,3%,3%,3%,1%,<1%,2%,6%,4%,1%,<.5%,2%,2%,4%,2%,5%,<1%,1%,2%,2%,4%,<.5%,6%,0%,<.5%,7%,2%,<.5%
NA,"[VOL] International news sources (such as the BBC, Al Jazeera and The Guardian)",2%,3%,2%,3%,3%,2%,3%,4%,3%,<1%,3%,1%,2%,4%,4%,2%,4%,2%,3%,1%,4%,3%,1%,4%,1%,3%,2%,1%,3%,3%
NA,[VOL] Conservative news sites,2%,3%,2%,2%,3%,2%,1%,2%,2%,3%,3%,<.5%,0%,2%,3%,2%,4%,2%,<.5%,<1%,3%,1%,3%,<.5%,4%,0%,<.5%,5%,1%,<.5%
NA,[VOL] Talk radio/conservative personality,1%,1%,1%,1%,2%,<1%,<.5%,2%,2%,<.5%,1%,0%,3%,1%,<1%,1%,<1%,1%,<1%,1%,1%,<1%,2%,0%,2%,0%,0%,2%,1%,0%
NA,[VOL] Friends and family,<1%,<.5%,<.5%,1%,<1%,<.5%,<1%,<.5%,<1%,<.5%,<.5%,2%,0%,<.5%,<.5%,<1%,<.5%,<1%,<.5%,1%,<1%,<.5%,1%,<.5%,<.5%,6%,<.5%,<.5%,1%,<1%
NA,[VOL] Liberal news sites (Such as Mother Jones and Occupy Democrats),<1%,<1%,<.5%,<.5%,<1%,<.5%,0%,1%,<1%,<.5%,<1%,<.5%,<.5%,1%,<.5%,<1%,<.5%,<1%,<.5%,<.5%,<1%,<1%,<.5%,1%,<.5%,<.5%,<.5%,<.5%,1%,<1%
NA,[VOL] Local print or online news organizations,<.5%,<.5%,<.5%,<1%,<.5%,<1%,0%,<1%,<1%,<.5%,<1%,0%,0%,0%,<1%,<.5%,<1%,<.5%,0%,0%,<1%,<.5%,<.5%,<.5%,<.5%,3%,<.5%,<1%,0%,<1%
NA,[VOL] Doesn’t consume news,2%,1%,2%,2%,1%,2%,<1%,1%,2%,2%,2%,<1%,1%,<1%,2%,2%,2%,2%,1%,<1%,1%,2%,2%,<1%,2%,2%,<1%,2%,2%,<1%
NA,[VOL] Other (includes no preference and the internet),9%,9%,7%,10%,10%,8%,7%,10%,9%,8%,9%,9%,8%,12%,10%,8%,10%,8%,10%,9%,11%,8%,8%,8%,10%,5%,6%,8%,12%,8%
NA,[VOL] Don't know/Refused,5%,6%,4%,5%,5%,4%,6%,6%,6%,2%,5%,4%,4%,6%,5%,5%,5%,5%,5%,4%,6%,5%,4%,3%,7%,8%,2%,6%,5%,3%
NA,Number of respondents,"1,788",610,582,596,820,956,277,414,612,442,"1,140",306,173,139,827,949,581,553,234,381,503,640,645,826,872,90,543,538,611,738
"And just a few more questions for demographic purposes...Do you consider yourself politically liberal, moderate or conservative?",Very liberal,11%,12%,9%,11%,7%,13%,16%,16%,7%,8%,10%,12%,12%,9%,14%,8%,14%,7%,14%,11%,17%,11%,6%,22%,<1%,2%,25%,<.5%,7%,21%
"And just a few more questions for demographic purposes...Do you consider yourself politically liberal, moderate or conservative?",Somewhat liberal,12%,13%,13%,11%,11%,13%,19%,12%,11%,10%,10%,16%,19%,14%,15%,10%,13%,8%,21%,14%,15%,13%,10%,23%,3%,8%,25%,3%,10%,22%
"And just a few more questions for demographic purposes...Do you consider yourself politically liberal, moderate or conservative?",Moderate,34%,33%,35%,33%,34%,34%,30%,36%,40%,27%,31%,43%,33%,41%,38%,31%,35%,28%,46%,38%,34%,38%,30%,42%,24%,51%,35%,18%,48%,41%
"And just a few more questions for demographic purposes...Do you consider yourself politically liberal, moderate or conservative?",Somewhat conservative,19%,18%,19%,20%,23%,16%,18%,16%,19%,23%,20%,13%,18%,22%,17%,21%,20%,21%,8%,20%,16%,17%,23%,6%,32%,14%,7%,31%,20%,7%
"And just a few more questions for demographic purposes...Do you consider yourself politically liberal, moderate or conservative?",Very conservative,21%,21%,19%,22%,21%,21%,15%,13%,20%,29%,26%,9%,13%,12%,13%,26%,15%,33%,8%,12%,16%,16%,28%,3%,38%,7%,4%,46%,11%,3%
"And just a few more questions for demographic purposes...Do you consider yourself politically liberal, moderate or conservative?",[VOL] Don't know/Refused,3%,2%,5%,3%,3%,3%,2%,6%,3%,3%,2%,7%,6%,2%,3%,4%,2%,3%,4%,6%,3%,4%,3%,4%,2%,17%,5%,1%,4%,4%
"And just a few more questions for demographic purposes...Do you consider yourself politically liberal, moderate or conservative?",Number of respondents,"1,788",610,582,596,820,956,277,414,612,442,"1,140",306,173,139,827,949,581,553,234,381,503,640,645,826,872,90,543,538,611,738
Which of the following general income categories is your total household income before taxes?,"Under $25,000",9%,9%,7%,9%,5%,11%,11%,4%,7%,12%,7%,14%,11%,7%,3%,12%,3%,10%,2%,17%,11%,7%,8%,10%,7%,9%,12%,8%,5%,10%
Which of the following general income categories is your total household income before taxes?,"At least $25,000 but under $50,000",14%,15%,15%,11%,13%,15%,24%,12%,9%,16%,11%,19%,20%,21%,6%,19%,6%,14%,9%,26%,17%,14%,11%,15%,12%,23%,16%,11%,13%,14%
Which of the following general income categories is your total household income before taxes?,"At least $50,000 but under $100,000",31%,27%,33%,31%,32%,30%,31%,26%,27%,38%,31%,34%,27%,24%,27%,33%,25%,36%,32%,28%,29%,30%,32%,29%,31%,36%,31%,31%,31%,30%
Which of the following general income categories is your total household income before taxes?,"At least $100,000 but under $200,000",28%,30%,26%,30%,29%,29%,21%,39%,33%,20%,32%,20%,28%,24%,37%,23%,38%,27%,35%,17%,26%,29%,30%,28%,29%,20%,27%,29%,29%,29%
Which of the following general income categories is your total household income before taxes?,"$200,000 or more",13%,14%,13%,12%,18%,9%,7%,16%,19%,7%,14%,9%,10%,18%,21%,8%,23%,8%,18%,8%,13%,14%,11%,12%,14%,7%,11%,14%,16%,13%
Which of the following general income categories is your total household income before taxes?,[VOL] Refused,6%,5%,6%,6%,4%,7%,6%,3%,4%,6%,5%,4%,3%,6%,5%,5%,6%,5%,5%,4%,4%,5%,7%,5%,6%,6%,4%,6%,5%,5%
Which of the following general income categories is your total household income before taxes?,Number of respondents,"1,788",610,582,596,820,956,277,414,612,442,"1,140",306,173,139,827,949,581,553,234,381,503,640,645,826,872,90,543,538,611,738
"Do you consider yourself Catholic, Protestant, Mormon, Jewish, Muslim, some other religion, or do you have no religious affiliation?",Catholic,13%,21%,9%,9%,14%,13%,13%,10%,14%,16%,12%,3%,45%,13%,14%,13%,14%,11%,15%,17%,17%,13%,11%,12%,15%,12%,14%,15%,12%,12%
"Do you consider yourself Catholic, Protestant, Mormon, Jewish, Muslim, some other religion, or do you have no religious affiliation?",Protestant/Christian,52%,33%,62%,62%,47%,56%,42%,40%,55%,62%,53%,69%,27%,32%,44%,57%,43%,59%,44%,54%,41%,47%,64%,43%,62%,29%,47%,65%,46%,43%
"Do you consider yourself Catholic, Protestant, Mormon, Jewish, Muslim, some other religion, or do you have no religious affiliation?",Mormon/Latter-day Saints,1%,3%,<.5%,<1%,2%,1%,3%,2%,2%,<1%,2%,0%,<.5%,2%,2%,<1%,3%,1%,<.5%,<1%,2%,1%,<1%,<.5%,2%,3%,<.5%,2%,2%,<1%
"Do you consider yourself Catholic, Protestant, Mormon, Jewish, Muslim, some other religion, or do you have no religious affiliation?",Jewish,2%,3%,<1%,<1%,2%,1%,1%,2%,1%,2%,2%,<.5%,0%,0%,3%,<.5%,5%,<1%,<.5%,0%,2%,2%,<1%,3%,<1%,0%,3%,<1%,1%,3%
"Do you consider yourself Catholic, Protestant, Mormon, Jewish, Muslim, some other religion, or do you have no religious affiliation?",Muslim,1%,<1%,2%,1%,2%,<1%,2%,2%,<1%,<.5%,<.5%,2%,<.5%,11%,1%,1%,<.5%,0%,4%,3%,<1%,3%,<.5%,<1%,1%,4%,<.5%,1%,1%,2%
"Do you consider yourself Catholic, Protestant, Mormon, Jewish, Muslim, some other religion, or do you have no religious affiliation?",[VOL] Greek/Russian Orthodox,<.5%,<.5%,<.5%,<.5%,<.5%,<.5%,0%,<.5%,<.5%,<.5%,<.5%,0%,0%,1%,<.5%,<.5%,<.5%,<.5%,<.5%,<.5%,<.5%,<1%,0%,<.5%,<.5%,<1%,0%,<.5%,<.5%,0%
"Do you consider yourself Catholic, Protestant, Mormon, Jewish, Muslim, some other religion, or do you have no religious affiliation?",[VOL] Hindu,<.5%,<1%,<.5%,<.5%,<1%,<.5%,<.5%,<.5%,<1%,<.5%,<.5%,0%,0%,5%,<.5%,<.5%,0%,<.5%,1%,1%,0%,1%,<.5%,<1%,<.5%,<1%,<.5%,<.5%,<1%,<1%
"Do you consider yourself Catholic, Protestant, Mormon, Jewish, Muslim, some other religion, or do you have no religious affiliation?",[VOL] Buddhist,<.5%,<.5%,0%,<.5%,0%,<.5%,<.5%,0%,0%,<.5%,<.5%,0%,0%,<.5%,<.5%,0%,<.5%,0%,<.5%,0%,0%,<.5%,<.5%,<.5%,0%,0%,<.5%,0%,0%,<.5%
"Do you consider yourself Catholic, Protestant, Mormon, Jewish, Muslim, some other religion, or do you have no religious affiliation?",Some other religion (specify),2%,3%,2%,2%,2%,2%,3%,<1%,3%,<1%,1%,4%,<1%,4%,2%,2%,2%,1%,2%,4%,2%,2%,3%,2%,2%,5%,3%,1%,2%,3%
"Do you consider yourself Catholic, Protestant, Mormon, Jewish, Muslim, some other religion, or do you have no religious affiliation?",No religious affiliation,26%,34%,22%,23%,29%,24%,35%,41%,23%,16%,28%,21%,26%,31%,31%,23%,31%,25%,33%,20%,32%,28%,20%,36%,16%,38%,31%,14%,33%,36%
"Do you consider yourself Catholic, Protestant, Mormon, Jewish, Muslim, some other religion, or do you have no religious affiliation?",[VOL] Don't know/Refused,1%,1%,2%,<1%,2%,<1%,1%,2%,<1%,<1%,1%,<1%,1%,1%,2%,1%,2%,<1%,1%,<1%,2%,2%,<1%,<1%,<1%,8%,<1%,<1%,1%,<1%
"Do you consider yourself Catholic, Protestant, Mormon, Jewish, Muslim, some other religion, or do you have no religious affiliation?",Number of respondents,"1,788",610,582,596,820,956,277,414,612,442,"1,140",306,173,139,827,949,581,553,234,381,503,640,645,826,872,90,543,538,611,738
"(If Protestant, Christian, Mormon, Greek/Russian Orthodox or some other religion)  Do you consider yourself an evangelical or born-again Christian?",Yes,37%,23%,41%,47%,36%,38%,29%,26%,41%,44%,35%,52%,23%,28%,26%,44%,25%,43%,29%,45%,28%,32%,48%,24%,50%,23%,29%,52%,32%,24%
"(If Protestant, Christian, Mormon, Greek/Russian Orthodox or some other religion)  Do you consider yourself an evangelical or born-again Christian?",No,18%,16%,21%,18%,16%,21%,19%,17%,18%,19%,19%,20%,8%,17%,22%,16%,24%,16%,18%,15%,18%,18%,18%,23%,14%,10%,21%,16%,19%,23%
"(If Protestant, Christian, Mormon, Greek/Russian Orthodox or some other religion)  Do you consider yourself an evangelical or born-again Christian?","[PREVIOUSLY] Catholic, Jewish, Muslim, no religious affiliation or refused",42%,59%,34%,34%,46%,39%,50%,55%,38%,34%,42%,27%,69%,53%,50%,38%,50%,37%,51%,39%,53%,46%,31%,52%,33%,55%,49%,30%,48%,51%
"(If Protestant, Christian, Mormon, Greek/Russian Orthodox or some other religion)  Do you consider yourself an evangelical or born-again Christian?",[VOL] Refused,3%,2%,5%,<1%,2%,3%,2%,2%,3%,3%,3%,2%,0%,3%,2%,3%,1%,4%,2%,1%,1%,4%,2%,2%,2%,12%,2%,3%,2%,2%
"(If Protestant, Christian, Mormon, Greek/Russian Orthodox or some other religion)  Do you consider yourself an evangelical or born-again Christian?",Number of respondents,"1,788",610,582,596,820,956,277,414,612,442,"1,140",306,173,139,827,949,581,553,234,381,503,640,645,826,872,90,543,538,611,738
Would you be open to commenting on the issues in this survey and be interested in being contacted by a reporter?,Yes,34%,34%,38%,31%,38%,31%,30%,38%,39%,29%,33%,37%,30%,44%,38%,32%,36%,31%,42%,34%,33%,35%,35%,37%,33%,24%,35%,31%,35%,38%
Would you be open to commenting on the issues in this survey and be interested in being contacted by a reporter?,No,66%,66%,62%,69%,62%,69%,70%,62%,61%,71%,67%,63%,70%,56%,62%,68%,64%,69%,58%,66%,67%,65%,65%,63%,67%,76%,65%,69%,65%,62%
Would you be open to commenting on the issues in this survey and be interested in being contacted by a reporter?,Number of respondents,"1,788",610,582,596,820,956,277,414,612,442,"1,140",306,173,139,827,949,581,553,234,381,503,640,645,826,872,90,543,538,611,738
